MISSION_TIME;ALTITUDE
00:00:13;419.845588609809
00:00:13;426.157529850607
00:00:13;432.532356695971
00:00:13;438.969784915796
00:00:13;445.469616723945
00:00:13;452.03181915381
00:00:14;458.656585567747
00:00:14;465.344041117467
00:00:14;472.093926877948
00:00:14;478.906354188803
00:00:14;485.781498967321
00:00:14;492.719527668785
00:00:14;499.720214670524
00:00:14;506.783629794372
00:00:15;513.90998636256
00:00:15;521.099392940523
00:00:15;528.351725957124
00:00:15;535.667077052756
00:00:15;543.045678587863
00:00:15;550.487592642196
00:00:15;557.992810252705
00:00:15;565.561430856353
00:00:15;573.193757022149
00:00:16;580.889735100092
00:00:16;588.649535696255
00:00:16;596.473229134688
00:00:16;604.360895924037
00:00:16;612.312807023176
00:00:16;620.328801095835
00:00:16;628.409311408759
00:00:16;636.554144161288
00:00:17;644.763671410852
00:00:17;653.037784125772
00:00:17;661.376822129125
00:00:17;669.780764368013
00:00:17;678.249777963618
00:00:17;686.78393307107
00:00:17;695.383364551468
00:00:17;704.048318935907
00:00:18;712.778721522307
00:00:18;721.574625902809
00:00:18;730.436376500642
00:00:18;739.364157078089
00:00:18;748.357785862172
00:00:18;757.417495559086
00:00:18;766.543600103119
00:00:18;775.735955502838
00:00:18;784.994854519609
00:00:19;794.320476371795
00:00:19;803.712718602037
00:00:19;813.171885920339
00:00:19;822.698055069312
00:00:19;832.291347006336
00:00:19;841.951808013138
00:00:19;851.679652326042
00:00:19;863.114146307809
00:00:20;874.640687114559
00:00:20;886.259511368582
00:00:20;897.970984710031
00:00:20;909.774903113022
00:00:20;921.671780973091
00:00:20;933.661490085884
00:00:20;945.744321405655
00:00:21;957.920135585009
00:00:21;970.189416526468
00:00:21;982.552047977108
00:00:21;995.00817964552
00:00:21;1007.55812092952
00:00:21;1020.20160970592
00:00:21;1032.93927666987
00:00:22;1045.7708365774
00:00:22;1058.69663206546
00:00:22;1071.71671222325
00:00:22;1084.8311685326
00:00:22;1098.0402882261
00:00:22;1111.34412030585
00:00:22;1124.74256343162
00:00:23;1138.23611616809
00:00:23;1151.82466520404
00:00:23;1165.50811546762
00:00:23;1179.28746426443
00:00:23;1193.16151146335
00:00:23;1207.13160713098
00:00:23;1221.19716590492
00:00:24;1235.35846321296
00:00:24;1249.6157928023
00:00:24;1263.96892763092
00:00:24;1278.4182685914
00:00:24;1292.96383078501
00:00:24;1307.60566583928
00:00:24;1322.34414714086
00:00:24;1337.17904769303
00:00:25;1352.11067057715
00:00:25;1367.13911937352
00:00:25;1382.26468794129
00:00:25;1397.48727492581
00:00:25;1412.80676966032
00:00:25;1428.22404785687
00:00:25;1443.73816609185
00:00:26;1459.34988349909
00:00:26;1475.05957336375
00:00:26;1490.86661378038
00:00:26;1506.7717730538
00:00:26;1522.77451238036
00:00:26;1538.87574979779
00:00:26;1555.075035093
00:00:27;1571.37225757702
00:00:27;1587.76843711152
00:00:27;1604.26268205931
00:00:27;1620.85581642238
00:00:27;1637.54752104019
00:00:27;1654.33808064542
00:00:27;1671.22776157956
00:00:28;1688.21606746025
00:00:28;1705.30399956543
00:00:28;1722.49049842777
00:00:28;1739.77699365525
00:00:28;1757.16298902174
00:00:28;1774.64816918364
00:00:28;1792.23348012124
00:00:29;1809.91797850246
00:00:29;1827.70299655909
00:00:29;1845.58733065869
00:00:29;1863.57241970126
00:00:29;1881.65729312215
00:00:29;1899.84251468314
00:00:29;1918.12823069934
00:00:30;1936.51438639313
00:00:30;1955.00130933907
00:00:30;1973.58853109414
00:00:30;1992.27699771791
00:00:30;2011.06611518655
00:00:30;2029.95639209438
00:00:30;2048.94757429929
00:00:31;2068.04012419737
00:00:31;2087.23390398896
00:00:31;2106.52908243914
00:00:31;2125.92561967671
00:00:31;2145.42376395047
00:00:31;2165.02385225683
00:00:31;2184.72552341386
00:00:31;2204.52882989286
00:00:32;2224.4342860186
00:00:32;2244.44153990643
00:00:32;2264.55121678405
00:00:32;2284.76316030812
00:00:32;2305.07727024623
00:00:32;2325.49361393461
00:00:32;2346.01305835333
00:00:33;2366.63454448269
00:00:33;2387.35881954175
00:00:33;2408.18580174528
00:00:33;2429.11556753516
00:00:33;2450.14852799918
00:00:33;2471.28398841119
00:00:33;2492.52283447434
00:00:34;2513.86491930694
00:00:34;2535.3103016821
00:00:34;2556.85918799171
00:00:34;2578.51122775744
00:00:34;2600.2668436314
00:00:34;2622.1260796868
00:00:34;2644.08897675818
00:00:35;2666.15562151908
00:00:35;2688.32610333257
00:00:35;2710.600498755
00:00:35;2732.97888447414
00:00:35;2755.46133326821
00:00:35;2778.0479242556
00:00:35;2800.73873344495
00:00:36;2823.53383501724
00:00:36;2846.43330321566
00:00:36;2869.43721005693
00:00:36;2892.54563106515
00:00:36;2915.75863483339
00:00:36;2939.07629515324
00:00:36;2962.49868177285
00:00:37;2986.0258648023
00:00:37;3009.65791276691
00:00:37;3033.39489443915
00:00:37;3057.236877191
00:00:37;3081.18392855721
00:00:37;3105.23611290415
00:00:37;3129.39349791373
00:00:38;3153.65614319267
00:00:38;3178.02411444078
00:00:38;3202.49747596507
00:00:38;3227.07629281003
00:00:38;3251.76062477427
00:00:38;3276.55053410388
00:00:38;3301.44608331006
00:00:38;3326.44733066706
00:00:39;3351.55433618475
00:00:39;3376.7671585643
00:00:39;3402.08585372462
00:00:39;3427.51048083336
00:00:39;3453.04109606659
00:00:39;3478.67775343545
00:00:39;3504.42050819681
00:00:40;3530.26941622607
00:00:40;3556.22452759056
00:00:40;3582.285896688
00:00:40;3608.45357364113
00:00:40;3634.72760731634
00:00:40;3661.10804551933
00:00:40;3687.59494193713
00:00:41;3714.18834673776
00:00:41;3740.8883074444
00:00:41;3767.69487231446
00:00:41;3794.60808764456
00:00:41;3821.62799891655
00:00:41;3848.75465464499
00:00:41;3875.9880965217
00:00:42;3903.32836970454
00:00:42;3930.77551670372
00:00:42;3958.32958009001
00:00:42;3985.99060137465
00:00:42;4013.75862361246
00:00:42;4041.63368531212
00:00:42;4069.61582601175
00:00:43;4097.70508476999
00:00:43;4125.90150081587
00:00:43;4154.20510906784
00:00:43;4182.61594825331
00:00:43;4211.13405266253
00:00:43;4239.75945769716
00:00:43;4268.49219897354
00:00:44;4297.33230835816
00:00:44;4326.27982081147
00:00:44;4355.33476652764
00:00:44;4384.49717723229
00:00:44;4413.76708445908
00:00:44;4443.1445175733
00:00:44;4472.62950657762
00:00:45;4502.22207910323
00:00:45;4531.92226357292
00:00:45;4561.73008703208
00:00:45;4591.64557526039
00:00:45;4621.66875500605
00:00:45;4651.79964979494
00:00:45;4682.0382844276
00:00:45;4712.3846823069
00:00:46;4742.83886540611
00:00:46;4773.40085647488
00:00:46;4804.07067547739
00:00:46;4834.84834192286
00:00:46;4865.73386738193
00:00:46;4896.7272800639
00:00:46;4927.82859708811
00:00:47;4959.03784094821
00:00:47;4990.35502902698
00:00:47;5021.78017817065
00:00:47;5053.31330662884
00:00:47;5084.95443025185
00:00:47;5116.70356489893
00:00:47;5148.56072721246
00:00:48;5180.52592958463
00:00:48;5212.59918775002
00:00:48;5244.78051431559
00:00:48;5277.06992163137
00:00:48;5309.46742290724
00:00:48;5341.97302883607
00:00:48;5374.5867519863
00:00:49;5407.30860280944
00:00:49;5440.13859250199
00:00:49;5473.07673182292
00:00:49;5506.12303291098
00:00:49;5539.27750493842
00:00:49;5572.54015884246
00:00:49;5605.91100812913
00:00:50;5639.39005998382
00:00:50;5672.9773252327
00:00:50;5706.67281329457
00:00:50;5740.47653415566
00:00:50;5774.38849263836
00:00:50;5808.4086919626
00:00:50;5842.53714705864
00:00:51;5876.77386437473
00:00:51;5911.11885288067
00:00:51;5945.57211766928
00:00:51;5980.13366550172
00:00:51;6014.80350167979
00:00:51;6049.58162893518
00:00:51;6084.46804311872
00:00:52;6119.46272579627
00:00:52;6154.56564081844
00:00:52;6189.77673565794
00:00:52;6225.09593129717
00:00:52;6260.52312626911
00:00:52;6296.05819137406
00:00:52;6331.70096465142
00:00:52;6367.45125100669
00:00:53;6403.30881733075
00:00:53;6439.27339085005
00:00:53;6475.3446533184
00:00:53;6511.522262012
00:00:53;6547.8058599534
00:00:53;6584.19508282049
00:00:53;6620.68956003047
00:00:54;6657.28891772951
00:00:54;6693.99278248427
00:00:54;6730.80078676634
00:00:54;6767.71255683224
00:00:54;6804.72772854299
00:00:54;6841.84596557752
00:00:54;6879.06693383621
00:00:55;6916.39030266867
00:00:55;6953.81576405664
00:00:55;6991.34302823758
00:00:55;7028.97181713302
00:00:55;7066.7018677945
00:00:55;7104.53293138742
00:00:55;7142.46476755838
00:00:56;7180.49717873905
00:00:56;7218.62997994048
00:00:56;7256.86300003668
00:00:56;7295.19608645688
00:00:56;7333.6291017849
00:00:56;7372.1619163563
00:00:56;7410.79443013587
00:00:57;7449.52656838321
00:00:57;7488.35826268315
00:00:57;7527.28945939196
00:00:57;7566.32011297275
00:00:57;7605.4501857541
00:00:57;7644.6796424411
00:00:57;7684.00847368769
00:00:58;7723.43667556625
00:00:58;7762.96424485487
00:00:58;7802.59118404053
00:00:58;7842.31749320193
00:00:58;7882.14316318848
00:00:58;7922.0682030652
00:00:58;7962.09262227267
00:00:59;8002.21642268519
00:00:59;8042.43960129004
00:00:59;8082.76214596408
00:00:59;8123.18404195085
00:00:59;8163.70526485913
00:00:59;8204.32578234188
00:00:59;8245.04554961377
00:00:59;8285.86452858232
00:01:00;8326.78268320719
00:01:00;8367.79998833814
00:01:00;8408.91641952645
00:01:00;8450.13196274557
00:01:00;8491.44660657411
00:01:00;8532.86034863058
00:01:00;8574.37318981742
00:01:01;8615.98514010618
00:01:01;8657.69622389786
00:01:01;8699.50646407029
00:01:01;8741.41587074648
00:01:01;8783.42447221023
00:01:01;8825.53230643354
00:01:01;8867.73941932409
00:01:02;8910.04588615196
00:01:02;8952.45179870911
00:01:02;8994.95724759682
00:01:02;9037.56231621047
00:01:02;9080.26710152975
00:01:02;9123.07170429791
00:01:02;9165.9762304374
00:01:03;9208.98080073041
00:01:03;9252.08553542465
00:01:03;9295.29054156272
00:01:03;9338.59594244719
00:01:03;9382.00186155853
00:01:03;9425.50842971681
00:01:03;9469.1157788767
00:01:04;9512.82404511911
00:01:04;9556.6333711422
00:01:04;9600.54390331195
00:01:04;9644.5557903701
00:01:04;9688.66918802389
00:01:04;9732.88426549674
00:01:04;9777.20117705013
00:01:05;9821.62008399225
00:01:05;9866.14115495991
00:01:05;9910.76456067734
00:01:05;9955.4904759106
00:01:05;10000.319082211
00:01:05;10045.2505681961
00:01:05;10090.2851124265
00:01:06;10135.4228967056
00:01:06;10180.6641065021
00:01:06;10226.0089297966
00:01:06;10271.4575570613
00:01:06;10317.0101898494
00:01:06;10362.6670177233
00:01:06;10408.4282357187
00:01:06;10454.2940443713
00:01:07;10500.2646434618
00:01:07;10546.3402385031
00:01:07;10592.5210364423
00:01:07;10638.8072392015
00:01:07;10685.1990518946
00:01:07;10731.6966933643
00:01:07;10778.3003731908
00:01:08;10825.0102996711
00:01:08;10871.826688099
00:01:08;10918.7497527193
00:01:08;10965.7797079902
00:01:08;11012.9167684871
00:01:08;11060.1611566104
00:01:08;11107.5130856825
00:01:09;11154.9727719664
00:01:09;11202.5404360103
00:01:09;11250.2162989913
00:01:09;11298.0005821635
00:01:09;11345.893523466
00:01:09;11393.8953452865
00:01:09;11442.0062758096
00:01:10;11490.2265478547
00:01:10;11538.5563951149
00:01:10;11586.9960558121
00:01:10;11635.5457657194
00:01:10;11684.205760641
00:01:10;11732.9762788307
00:01:10;11781.857554926
00:01:11;11830.8498264251
00:01:11;11879.9533281669
00:01:11;11929.1682957724
00:01:11;11978.4949700398
00:01:11;12027.9335988364
00:01:11;12077.4844099715
00:01:11;12127.1476478007
00:01:12;12176.9235502643
00:01:12;12226.8123583368
00:01:12;12276.8143120374
00:01:12;12326.9296526012
00:01:12;12377.1586219789
00:01:12;12427.5014619973
00:01:12;12477.9584227069
00:01:13;12528.5297531881
00:01:13;12579.2156917364
00:01:13;12630.0164882803
00:01:13;12680.9323923679
00:01:13;12731.9636562122
00:01:13;12783.1105327747
00:01:13;12834.3732725005
00:01:13;12885.7521270196
00:01:14;12937.247347145
00:01:14;12988.859182111
00:01:14;13040.5878873091
00:01:14;13092.4337227425
00:01:14;13144.396931176
00:01:14;13196.4777716566
00:01:14;13248.6764921397
00:01:15;13300.9933459292
00:01:15;13353.4285831723
00:01:15;13405.9824526442
00:01:15;13458.6551999105
00:01:15;13511.4470699648
00:01:15;13564.358307215
00:01:15;13617.3891534404
00:01:16;13670.5398463995
00:01:16;13723.8106268739
00:01:16;13777.2017423359
00:01:16;13830.7134261399
00:01:16;13884.3459144571
00:01:16;13938.0994449479
00:01:16;13991.9742537645
00:01:17;14045.9705769887
00:01:17;14100.0886498913
00:01:17;14154.3287024435
00:01:17;14208.6909659867
00:01:17;14263.1756682171
00:01:17;14317.7830335164
00:01:17;14372.5132861478
00:01:18;14427.3666439321
00:01:18;14482.34332651
00:01:18;14537.4435482222
00:01:18;14592.6675195791
00:01:18;14648.0154492473
00:01:18;14703.4875423955
00:01:18;14759.0840104867
00:01:19;14814.805057393
00:01:19;14870.6508764927
00:01:19;14926.6216686934
00:01:19;14982.7176279746
00:01:19;15038.9389490174
00:01:19;15095.2858231483
00:01:19;15151.7584382998
00:01:20;15208.3569770844
00:01:20;15265.0816216448
00:01:20;15321.932546629
00:01:20;15378.909926431
00:01:20;15436.0139296955
00:01:20;15493.2447202381
00:01:20;15550.6024582173
00:01:20;15608.0873004623
00:01:21;15665.6993975744
00:01:21;15723.4388964927
00:01:21;15781.3059435078
00:01:21;15839.3006903634
00:01:21;15897.4232624121
00:01:21;15955.6737992066
00:01:21;16014.0524292857
00:01:22;16072.5592804445
00:01:22;16131.1944811835
00:01:22;16189.958157346
00:01:22;16248.8504385854
00:01:22;16307.8714579397
00:01:22;16367.0213452999
00:01:22;16426.300235329
00:01:23;16485.7082606612
00:01:23;16545.2455564634
00:01:23;16604.9122564512
00:01:23;16664.7084984916
00:01:23;16724.6344175073
00:01:23;16784.6901518499
00:01:23;16844.8758520799
00:01:24;16905.1916527487
00:01:24;16965.6376970845
00:01:24;17026.2141291796
00:01:24;17086.9210927396
00:01:24;17147.7587356123
00:01:24;17208.7272025555
00:01:24;17269.8266414029
00:01:25;17331.057201272
00:01:25;17392.4190300999
00:01:25;17453.9122777507
00:01:25;17515.5370942249
00:01:25;17577.2936293446
00:01:25;17639.1820347665
00:01:25;17701.2024616211
00:01:26;17763.3550611621
00:01:26;17825.6399845192
00:01:26;17888.0573849973
00:01:26;17950.607416005
00:01:26;18013.2902454539
00:01:26;18076.1060177519
00:01:26;18139.054896949
00:01:27;18202.1370408928
00:01:27;18265.3526126132
00:01:27;18328.7017757284
00:01:27;18392.1846952216
00:01:27;18455.8015353192
00:01:27;18519.5524639355
00:01:27;18583.4376470493
00:01:27;18647.457252935
00:01:28;18711.6114518904
00:01:28;18775.9004135515
00:01:28;18840.3243105266
00:01:28;18904.8833134627
00:01:28;18969.5775977876
00:01:28;19034.4073370418
00:01:28;19099.3727073342
00:01:29;19164.473884577
00:01:29;19229.7110472086
00:01:29;19295.0843740024
00:01:29;19360.5940444941
00:01:29;19426.2402393555
00:01:29;19492.0231412178
00:01:29;19557.9429334524
00:01:30;19623.9997994546
00:01:30;19690.1939246268
00:01:30;19756.5254953415
00:01:30;19822.9946992954
00:01:30;19889.6017240097
00:01:30;19956.3467603571
00:01:30;20023.2299982704
00:01:31;20090.2516295979
00:01:31;20157.4118471846
00:01:31;20224.7108446674
00:01:31;20292.148817991
00:01:31;20359.7259618856
00:01:31;20427.4424717644
00:01:31;20495.298544901
00:01:32;20563.2943770771
00:01:32;20631.4301661861
00:01:32;20699.7061101426
00:01:32;20768.1224083072
00:01:32;20836.6792599305
00:01:32;20905.3768650114
00:01:32;20974.215425129
00:01:33;21043.1951406737
00:01:33;21112.3162140603
00:01:33;21181.5788490513
00:01:33;21250.983266463
00:01:33;21320.5296646998
00:01:33;21390.2182582001
00:01:33;21460.0492593009
00:01:34;21530.0228841418
00:01:34;21600.1393555881
00:01:34;21670.3988924898
00:01:34;21740.801718622
00:01:34;21811.3480592549
00:01:34;21882.0381394979
00:01:34;21952.8721874956
00:01:34;22023.8504328389
00:01:35;22094.9731057254
00:01:35;22166.2404387583
00:01:35;22237.6526656661
00:01:35;22309.2100212193
00:01:35;22380.9127418544
00:01:35;22452.761064901
00:01:35;22524.7552302477
00:01:36;22596.8954777622
00:01:36;22669.1820492855
00:01:36;22741.6151883871
00:01:36;22814.1951391705
00:01:36;22886.9221479972
00:01:36;22959.7964627928
00:01:36;23032.818331645
00:01:37;23105.9880040874
00:01:37;23179.3057321436
00:01:37;23252.7717677751
00:01:37;23326.3863645589
00:01:37;23400.1497757827
00:01:37;23474.0622654045
00:01:37;23548.1240970276
00:01:38;23622.3355247834
00:01:38;23696.6968189781
00:01:38;23771.2082429494
00:01:38;23845.870068311
00:01:38;23920.6825695786
00:01:38;23995.6460186118
00:01:38;24070.7606944263
00:01:39;24146.0268737095
00:01:39;24221.4448389127
00:01:39;24297.0148720688
00:01:39;24372.7372574608
00:01:39;24448.6122817989
00:01:39;24524.6402333629
00:01:39;24600.8214024955
00:01:40;24677.1560832885
00:01:40;24753.6445694576
00:01:40;24830.287145381
00:01:40;24907.0841078196
00:01:40;24984.0357565891
00:01:40;25061.1423829891
00:01:40;25138.4042880035
00:01:40;25215.8217636696
00:01:41;25293.3951075088
00:01:41;25371.1246190553
00:01:41;25449.0105956472
00:01:41;25527.0533373625
00:01:41;25605.2531462867
00:01:41;25683.6103228563
00:01:41;25762.1251714085
00:01:42;25840.7979960425
00:01:42;25919.6291051889
00:01:42;25998.6188089722
00:01:42;26077.7674182802
00:01:42;26157.075243087
00:01:42;26236.5425970844
00:01:42;26316.1698111007
00:01:43;26395.9571940857
00:01:43;26475.9050695873
00:01:43;26556.0137625796
00:01:43;26636.2835965329
00:01:43;26716.7149079818
00:01:43;26797.3080273535
00:01:43;26878.0632882199
00:01:44;26958.9810415216
00:01:44;27040.061625657
00:01:44;27121.3053833445
00:01:44;27202.7126689046
00:01:44;27284.2838287016
00:01:44;27366.0192258116
00:01:44;27447.9192202092
00:01:45;27529.9841735467
00:01:45;27612.2144539708
00:01:45;27694.6104299942
00:01:45;27777.1724737531
00:01:45;27859.9009605258
00:01:45;27942.7962683735
00:01:45;28025.8587707496
00:01:46;28109.0888400448
00:01:46;28192.4868688531
00:01:46;28276.0532289493
00:01:46;28359.7883112261
00:01:46;28443.6924950458
00:01:46;28527.7661624933
00:01:46;28612.0097021413
00:01:47;28696.4234987171
00:01:47;28781.0079414423
00:01:47;28865.7634210953
00:01:47;28950.6903275987
00:01:47;29035.7890541808
00:01:47;29121.0327239522
00:01:47;29206.3075478157
00:01:47;29291.4818067313
00:01:48;29376.5171246089
00:01:48;29461.4234558787
00:01:48;29546.2524725366
00:01:48;29631.0785089427
00:01:48;29715.9156462558
00:01:48;29800.7222528723
00:01:48;29885.452350308
00:01:49;29970.0938165609
00:01:49;30054.6670470992
00:01:49;30139.19817316
00:01:49;30223.69631148
00:01:49;30308.1517452039
00:01:49;30392.5498725275
00:01:49;30476.8844373116
00:01:50;30561.1598406502
00:01:50;30645.3841647347
00:01:50;30729.5614853592
00:01:50;30813.689901958
00:01:50;30897.7649959284
00:01:50;30981.784195577
00:01:50;31065.7482173406
00:01:51;31149.6594358331
00:01:51;31233.5194185992
00:01:51;31317.3279166226
00:01:51;31401.0836917615
00:01:51;31484.7858093571
00:01:51;31568.4343021186
00:01:51;31652.0298244926
00:01:52;31735.5729129397
00:01:52;31819.0635917344
00:01:52;31902.5015145044
00:01:52;31985.8863626374
00:01:52;32069.2180909322
00:01:52;32152.4968711791
00:01:52;32235.7228773362
00:01:53;32318.8961410255
00:01:53;32402.0165678201
00:01:53;32485.0840645082
00:01:53;32568.098604354
00:01:53;32651.0602408084
00:01:53;32733.9690180058
00:01:53;32816.8249256993
00:01:54;32899.6279345439
00:01:54;32982.3780135165
00:01:54;33065.0751564298
00:01:54;33147.7193755599
00:01:54;33230.3106822029
00:01:54;33312.8490729624
00:01:54;33395.3345374322
00:01:55;33477.7670629559
00:01:55;33560.1466441163
00:01:55;33642.473282492
00:01:55;33724.746978479
00:01:55;33806.9677297907
00:01:55;33889.1355308027
00:01:55;33971.2503749691
00:01:55;34053.3122584211
00:01:56;34135.3211795674
00:01:56;34217.2771364915
00:01:56;34299.1801252376
00:01:56;34381.0301433691
00:01:56;34462.8271862911
00:01:56;34544.5712507473
00:01:56;34626.2623342921
00:01:57;34707.9004335253
00:01:57;34789.4855462341
00:01:57;34871.0176695673
00:01:57;34952.4967860854
00:01:57;35033.9228939834
00:01:57;35115.2959732417
00:01:57;35196.6160319991
00:01:58;35277.8830879133
00:01:58;35359.0971380824
00:01:58;35440.2581740135
00:01:58;35521.3661837635
00:01:58;35602.4211591245
00:01:58;35683.423099926
00:01:59;35833.673593976
00:01:59;35914.481323204
00:01:59;35995.2771430407
00:01:59;36076.0574970262
00:01:59;36156.7796392475
00:01:59;36237.3740498264
00:01:59;36317.8368986965
00:02:00;36398.1690027287
00:02:00;36478.3699543212
00:02:00;36558.4398152615
00:02:00;36638.3787834101
00:02:00;36718.1867065214
00:02:00;36797.8637323246
00:02:00;36877.4098201902
00:02:01;36956.8250054572
00:02:01;37036.1092981955
00:02:01;37115.2627415613
00:02:01;37194.2856428643
00:02:01;37273.1783744291
00:02:01;37351.9408192068
00:02:01;37430.5730047165
00:02:01;37509.074974891
00:02:02;37587.4468455531
00:02:02;37665.6886850541
00:02:02;37743.8005236358
00:02:02;37821.7823767149
00:02:02;37899.6340928675
00:02:02;37977.356583887
00:02:02;38054.9496642412
00:02:03;38132.4133264718
00:02:03;38209.7476810514
00:02:03;38286.9526611152
00:02:03;38364.0283437606
00:02:03;38440.9747285686
00:02:03;38517.7918474162
00:02:03;38594.4797324643
00:02:04;38671.0384092671
00:02:04;38747.4679157025
00:02:04;38823.7682839979
00:02:04;38899.9395550058
00:02:04;38975.9817679822
00:02:04;39051.8947875482
00:02:04;39127.6784779137
00:02:05;39203.3327476578
00:02:05;39278.8575429884
00:02:05;39354.2528519256
00:02:05;39429.5186612323
00:02:05;39504.6549877963
00:02:05;39579.6618633703
00:02:05;39654.5393294207
00:02:06;39729.2874322411
00:02:06;39803.9062507359
00:02:06;39878.3958335071
00:02:06;39952.756216309
00:02:06;40026.9874754542
00:02:06;40101.0896385381
00:02:06;40175.0627394747
00:02:07;40248.9068226401
00:02:07;40322.6219186735
00:02:07;40396.2080679436
00:02:07;40469.6653057463
00:02:07;40542.993667549
00:02:07;40616.1931905008
00:02:07;40689.2639092597
00:02:07;40762.205859857
00:02:08;40835.0190774959
00:02:08;40907.7035968399
00:02:08;40980.2594530901
00:02:08;41052.6866797101
00:02:08;41124.9853123894
00:02:08;41197.1553848474
00:02:08;41269.1969299403
00:02:09;41341.1099819419
00:02:09;41412.8945731571
00:02:09;41484.5507363076
00:02:09;41556.0785049052
00:02:09;41627.477910161
00:02:09;41698.7489859661
00:02:09;41769.9053669134
00:02:10;41840.9953745166
00:02:10;41912.065379941
00:02:10;41983.1367610134
00:02:10;42054.2011826911
00:02:10;42125.2306800151
00:02:10;42196.193709477
00:02:10;42267.0702513554
00:02:11;42337.858531696
00:02:11;42408.5720540913
00:02:11;42479.2305024056
00:02:11;42549.8496726415
00:02:11;42620.4350797377
00:02:11;42690.9815671861
00:02:11;42761.477719344
00:02:12;42831.912263464
00:02:12;42902.279155571
00:02:12;42972.5792117778
00:02:12;43042.8183917532
00:02:12;43113.0040385196
00:02:12;43183.1412827028
00:02:12;43253.2311543707
00:02:13;43323.2709289938
00:02:13;43393.256113657
00:02:13;43463.1828335734
00:02:13;43533.0494643723
00:02:13;43602.856908504
00:02:13;43672.6076720356
00:02:13;43742.30439081
00:02:14;43811.9486008838
00:02:14;43881.5402529333
00:02:14;43951.0780478121
00:02:14;44020.5602773364
00:02:14;44089.9856824086
00:02:14;44159.3539172752
00:02:14;44228.6655309871
00:02:15;44297.9215180284
00:02:15;44367.1227584961
00:02:15;44436.2696623667
00:02:15;44505.3620423492
00:02:15;44574.3993248096
00:02:15;44643.3808976782
00:02:15;44712.3063625811
00:02:15;44781.175701611
00:02:16;44849.9891873791
00:02:16;44918.7471926088
00:02:16;44987.4499999294
00:02:16;45056.0976742969
00:02:16;45124.6900799451
00:02:16;45193.2269634433
00:02:16;45261.7081116652
00:02:17;45330.1334024058
00:02:17;45398.5028696957
00:02:17;45466.8166335622
00:02:17;45535.0748242615
00:02:17;45603.2775175631
00:02:17;45671.4247002323
00:02:17;45739.5162936038
00:02:18;45807.5521932615
00:02:18;45875.5323210382
00:02:18;45943.4566486503
00:02:18;46011.3251952146
00:02:18;46079.1379983446
00:02:18;46146.8950852712
00:02:18;46214.5964652376
00:02:19;46282.2421023345
00:02:19;46349.8319672681
00:02:19;46417.3660187568
00:02:19;46484.8442364548
00:02:19;46552.2666135777
00:02:19;46619.6331520205
00:02:19;46686.9438576475
00:02:20;46754.1987268993
00:02:20;46821.3977481865
00:02:20;46888.5409032675
00:02:20;46955.6281696543
00:02:20;47022.6595298562
00:02:20;47089.6349718001
00:02:20;47156.5544886929
00:02:21;47223.4180759665
00:02:21;47290.2257286933
00:02:21;47356.9774377387
00:02:21;47423.6731924114
00:02:21;47490.312978835
00:02:21;47556.8967848349
00:02:21;47623.4245989881
00:02:22;47689.8964123093
00:02:22;47756.3122190153
00:02:22;47822.6720030269
00:02:22;47888.9757549844
00:02:22;47955.2234585895
00:02:22;48021.4150987391
00:02:22;48087.550678361
00:02:22;48153.6301893493
00:02:23;48219.653633091
00:02:23;48285.621002169
00:02:23;48351.5322857067
00:02:23;48417.3874726701
00:02:23;48483.1865454613
00:02:23;48548.9294934109
00:02:23;48614.61630425
00:02:24;48680.2469705684
00:02:24;48745.8214934878
00:02:24;48811.3398664689
00:02:24;48876.8020868113
00:02:24;48942.2081460211
00:02:24;49007.5580304981
00:02:24;49072.8517314367
00:02:25;49138.0892343081
00:02:25;49203.2705239091
00:02:25;49268.3956034943
00:02:25;49333.4644516457
00:02:25;49398.4770708069
00:02:25;49463.4334566201
00:02:25;49528.3336041967
00:02:26;49593.1775096034
00:02:26;49657.9651614317
00:02:26;49722.6965506626
00:02:26;49787.371666445
00:02:26;49851.9905007016
00:02:26;49916.5530460173
00:02:26;49981.0592968919
00:02:27;50045.509248808
00:02:27;50109.9028944314
00:02:27;50174.2402278736
00:02:27;50238.5212402951
00:02:27;50302.7459256087
00:02:27;50366.9142747083
00:02:27;50431.0262832183
00:02:28;50495.0819440245
00:02:28;50559.0812514814
00:02:28;50623.0242012448
00:02:28;50686.9107865731
00:02:28;50750.7410021697
00:02:28;50814.5148424703
00:02:28;50878.2323020105
00:02:29;50941.8933753753
00:02:29;51005.4980580672
00:02:29;51069.0463454503
00:02:29;51132.5382333774
00:02:29;51195.9737176973
00:02:29;51259.3527947582
00:02:29;51322.6754593318
00:02:29;51385.9417090383
00:02:30;51449.1515399219
00:02:30;51512.3049491325
00:02:30;51575.401921598
00:02:30;51638.4424593905
00:02:30;51701.4265432929
00:02:30;51764.3541729223
00:02:30;51827.2253547877
00:02:31;51890.0400896725
00:02:31;51952.7983827027
00:02:31;52015.5002294577
00:02:31;52078.1456233243
00:02:31;52140.734557354
00:02:31;52203.2670245518
00:02:31;52265.743021845
00:02:32;52328.1625484164
00:02:32;52390.5256016483
00:02:32;52452.8321716149
00:02:32;52515.0822609084
00:02:32;52577.2758519049
00:02:32;52639.4129531934
00:02:32;52701.4935608347
00:02:33;52763.5176801803
00:02:33;52825.4853090504
00:02:33;52887.3964430523
00:02:33;52949.2510779556
00:02:33;53011.0492062756
00:02:33;53072.7908245056
00:02:33;53134.4759298619
00:02:34;53196.1045208978
00:02:34;53257.6765973257
00:02:34;53319.1921565786
00:02:34;53380.6511964652
00:02:34;53442.0537135528
00:02:34;53503.3997039752
00:02:34;53564.6891649601
00:02:35;53625.9220954601
00:02:35;53687.0985091473
00:02:35;53748.2183934273
00:02:35;53809.281770803
00:02:35;53870.2886238942
00:02:35;53931.2389505955
00:02:35;53992.1327408501
00:02:36;54052.9699920875
00:02:36;54113.7507079139
00:02:36;54174.4748920802
00:02:36;54235.1425512315
00:02:36;54295.7536882344
00:02:36;54356.3083036614
00:02:36;54416.8063971307
00:02:36;54477.2479680011
00:02:37;54537.6330176827
00:02:37;54597.9615490227
00:02:37;54658.2335585103
00:02:37;54718.449045565
00:02:37;54778.6080094478
00:02:37;54838.710443222
00:02:37;54898.7563643598
00:02:38;54958.7457765876
00:02:38;55018.6786785681
00:02:38;55078.555082891
00:02:38;55138.3749692972
00:02:38;55198.1383491231
00:02:38;55257.845222062
00:02:38;55317.4955963725
00:02:39;55377.0894781189
00:02:39;55436.6268689851
00:02:39;55496.107769795
00:02:39;55555.5321789107
00:02:39;55614.900095746
00:02:39;55674.2115220655
00:02:39;55733.4664600387
00:02:40;55792.6649136348
00:02:40;55851.806885294
00:02:40;55910.8923773847
00:02:40;55969.9213919688
00:02:40;56028.8939288827
00:02:40;56087.8099902206
00:02:40;56146.6695770076
00:02:41;56205.4726914215
00:02:41;56264.2193366361
00:02:41;56322.9095156249
00:02:41;56381.54324612
00:02:41;56440.1205176755
00:02:41;56498.6413571059
00:02:41;56557.1057538729
00:02:42;56615.5137062961
00:02:42;56673.8652116341
00:02:42;56732.1602711489
00:02:42;56790.3988915823
00:02:42;56848.5810822564
00:02:42;56906.7068522429
00:02:42;56964.7762083473
00:02:43;57022.7891542631
00:02:43;57080.7456935126
00:02:43;57138.6458292359
00:02:43;57196.4895667151
00:02:43;57254.2769132555
00:02:43;57312.0078771401
00:02:43;57369.6824665065
00:02:43;57427.3006886775
00:02:44;57484.8625501252
00:02:44;57542.3680578006
00:02:44;57599.8172181495
00:02:44;57657.2100338368
00:02:44;57714.5465023363
00:02:44;57771.8266353429
00:02:44;57829.0504242349
00:02:45;57886.2178948851
00:02:45;57943.3290574892
00:02:45;58000.3839277761
00:02:45;58057.3825135065
00:02:45;58114.3248169398
00:02:45;58171.2108403029
00:02:45;58228.0405876176
00:02:46;58284.814066484
00:02:46;58341.5312871806
00:02:46;58398.192260091
00:02:46;58454.7969941258
00:02:46;58511.3454952447
00:02:46;58567.8377699165
00:02:46;58624.2738213335
00:02:47;58680.6536593088
00:02:47;58736.9772912924
00:02:47;58793.2447281249
00:02:47;58849.4559785118
00:02:47;58905.6110498073
00:02:47;58961.7099492864
00:02:47;59017.7526828093
00:02:48;59073.7392584875
00:02:48;59129.6696838664
00:02:48;59185.5439679207
00:02:48;59241.362119368
00:02:48;59297.1241461205
00:02:48;59352.8300573173
00:02:48;59408.4798598761
00:02:49;59464.0735618423
00:02:49;59519.6111714236
00:02:49;59575.0926972532
00:02:49;59630.5181471849
00:02:49;59685.8875311413
00:02:49;59741.2008562768
00:02:49;59796.4581320884
00:02:50;59851.6593665244
00:02:50;59906.8045685616
00:02:50;59961.8937466472
00:02:50;60016.9269091205
00:02:50;60071.9040658653
00:02:50;60126.8252255201
00:02:50;60181.6903965444
00:02:50;60236.4995885951
00:02:51;60291.252815675
00:02:51;60345.9500951435
00:02:51;60400.5914361236
00:02:51;60455.17686022
00:02:51;60509.7063625559
00:02:51;60564.1799516318
00:02:51;60618.5976318966
00:02:52;60672.9594169583
00:02:52;60727.2653225573
00:02:52;60781.5153647573
00:02:52;60835.7095582277
00:02:52;60889.8479151569
00:02:52;60943.9304453912
00:02:52;60997.9571600093
00:02:53;61051.9280719691
00:02:53;61105.8431959632
00:02:53;61159.7025470702
00:02:53;61213.5061408642
00:02:53;61267.253991855
00:02:53;61320.9461137711
00:02:53;61374.5825093699
00:02:54;61428.1631955442
00:02:54;61481.6881726318
00:02:54;61535.1574556843
00:02:54;61588.571075169
00:02:54;61641.9290480141
00:02:54;61695.2313954065
00:02:54;61748.4781278059
00:02:55;61801.6692534155
00:02:55;61854.8047816625
00:02:55;61907.8847259235
00:02:55;61960.9091028332
00:02:55;62013.8779287381
00:02:55;62066.791216803
00:02:55;62119.6489822365
00:02:56;62172.4512331637
00:02:56;62225.1979880568
00:02:56;62277.8892601087
00:02:56;62330.5250660785
00:02:56;62383.1054201709
00:02:56;62435.6303357112
00:02:56;62488.0998260078
00:02:57;62540.513903931
00:02:57;62592.8725840569
00:02:57;62645.1758803313
00:02:57;62697.4238075403
00:02:57;62749.6163795646
00:02:57;62801.75361079
00:02:57;62853.8355147102
00:02:57;62905.8621049854
00:02:58;62957.8333958935
00:02:58;63009.7494008214
00:02:58;63061.6101350979
00:02:58;63113.4156119043
00:02:58;63165.1658475803
00:02:58;63216.8608692192
00:02:58;63268.5006815312
00:02:59;63320.0853204932
00:02:59;63371.6147838151
00:02:59;63423.0890845133
00:02:59;63474.5082319656
00:02:59;63525.8722422081
00:02:59;63577.1811362344
00:02:59;63628.434934741
00:03:00;63679.6336566356
00:03:00;63730.7773171188
00:03:00;63781.8659312393
00:03:00;63832.8995141834
00:03:00;63883.8780821925
00:03:00;63934.8016555301
00:03:00;63985.6702521723
00:03:01;64036.483891616
00:03:01;64087.2425920645
00:03:01;64137.946370493
00:03:01;64188.595245954
00:03:01;64239.1892355761
00:03:01;64289.7283594098
00:03:01;64340.2126360324
00:03:02;64390.6420864044
00:03:02;64441.0167288113
00:03:02;64491.3365836581
00:03:02;64541.6016704398
00:03:02;64591.8120084848
00:03:02;64641.9676188139
00:03:02;64692.0685214974
00:03:03;64742.1147378681
00:03:03;64792.1062879125
00:03:03;64842.0431927957
00:03:03;64891.9254744612
00:03:03;64941.7531534547
00:03:03;64991.5262436063
00:03:03;65041.2447623649
00:03:03;65090.9087263929
00:03:04;65140.5181488732
00:03:04;65190.0730689168
00:03:04;65239.5735086986
00:03:04;65289.0194951748
00:03:04;65338.4110443123
00:03:04;65387.7481708564
00:03:04;65437.0308924388
00:03:05;65486.2592288813
00:03:05;65535.4332029038
00:03:05;65584.552838121
00:03:05;65633.6181560729
00:03:05;65682.6291755096
00:03:05;65731.5859157116
00:03:05;65780.4883950636
00:03:06;65829.33663417
00:03:06;65878.130653774
00:03:06;65926.8704757757
00:03:06;65975.5561196016
00:03:06;66024.1876058452
00:03:06;66072.7649544581
00:03:06;66121.2881851218
00:03:07;66169.7573179932
00:03:07;66218.1723742216
00:03:07;66266.533373118
00:03:07;66314.8403358684
00:03:07;66363.0932818668
00:03:07;66411.292233442
00:03:07;66459.4372240348
00:03:08;66507.5282636769
00:03:08;66555.5653946199
00:03:08;66603.5486212729
00:03:08;66651.4779607978
00:03:08;66699.3534308316
00:03:08;66747.1750538856
00:03:08;66794.9428586598
00:03:09;66842.6568705526
00:03:09;66890.31711375
00:03:09;66937.9236082841
00:03:09;66985.4763753883
00:03:09;67032.9754371215
00:03:09;67080.4208178525
00:03:09;67127.8125428208
00:03:10;67175.1506362894
00:03:10;67222.4351229897
00:03:10;67269.6660259201
00:03:10;67316.8433687685
00:03:10;67363.9671759092
00:03:10;67411.0374725421
00:03:10;67458.054283557
00:03:11;67505.0176349561
00:03:11;67551.9275510816
00:03:11;67598.7840577167
00:03:11;67645.5871796848
00:03:11;67692.3369431068
00:03:11;67739.0333738731
00:03:11;67785.6764980904
00:03:11;67832.2663420674
00:03:12;67878.8029319713
00:03:12;67925.2862949349
00:03:12;67971.7164494053
00:03:12;68018.0934207543
00:03:12;68064.4172280262
00:03:12;68110.6878955101
00:03:12;68156.905464787
00:03:13;68203.0699618714
00:03:13;68249.1814172424
00:03:13;68295.2398500203
00:03:13;68341.2452825812
00:03:13;68387.1977391981
00:03:13;68433.0972462755
00:03:13;68478.9438328526
00:03:14;68524.7375253297
00:03:14;68570.4783499087
00:03:14;68616.166330143
00:03:14;68661.8014904339
00:03:14;68707.3838564986
00:03:14;68752.9134549367
00:03:14;68798.3903114941
00:03:15;68843.814452282
00:03:15;68889.1859025209
00:03:15;68934.5046875197
00:03:15;68979.7708326577
00:03:15;69024.9843633344
00:03:15;69070.1453053497
00:03:15;69115.2536844432
00:03:16;69160.3095262721
00:03:16;69205.3128558195
00:03:16;69250.263698856
00:03:16;69295.1620806591
00:03:16;69340.0080265414
00:03:16;69384.8015628814
00:03:16;69429.5427218993
00:03:17;69474.2315311867
00:03:17;69518.868023496
00:03:17;69563.4522273269
00:03:17;69607.984153454
00:03:17;69652.4638290692
00:03:17;69696.8912778966
00:03:17;69741.2665338743
00:03:18;69785.5896289001
00:03:18;69829.8605901895
00:03:18;69874.0794451968
00:03:18;69918.2462185607
00:03:18;69962.3609384184
00:03:18;70006.423633663
00:03:18;70050.4441113354
00:03:18;70094.4126230587
00:03:19;70138.3291965538
00:03:19;70182.1938601949
00:03:19;70226.0066429828
00:03:19;70269.767574324
00:03:19;70313.4766855172
00:03:19;70357.1340054342
00:03:19;70400.73956474
00:03:20;70444.2933919831
00:03:20;70487.7955180559
00:03:24;71781.4565972076
00:03:24;71823.3946871145
00:03:24;71865.2638554542
00:03:24;71907.060089808
00:03:25;71948.7897502166
00:03:25;71990.4741117948
00:03:25;72032.1253490831
00:03:25;72073.7366800732
00:03:25;72115.2944055464
00:03:25;72156.792093817
00:03:25;72198.2337478587
00:03:26;72239.6268396274
00:03:26;72280.9746701865
00:03:26;72322.274941704
00:03:26;72363.5237052512
00:03:26;72404.7193805878
00:03:26;72445.8633540075
00:03:26;72486.9578056769
00:03:27;72528.0035132453
00:03:27;72568.9997285026
00:03:27;72609.9453568488
00:03:27;72650.8345685711
00:03:27;72691.676135427
00:03:27;72732.4706801859
00:03:27;72773.2156284809
00:03:27;72813.9107388637
00:03:28;72854.5557363845
00:03:28;72895.1505968715
00:03:28;72935.6955128663
00:03:28;72976.1906738465
00:03:28;73016.6361285122
00:03:28;73057.0318176831
00:03:28;73097.3776943199
00:03:29;73137.6737903188
00:03:29;73177.9201896989
00:03:29;73218.1169630224
00:03:29;73258.2641382273
00:03:29;73298.3617186177
00:03:29;73338.4097174879
00:03:29;73378.4081721229
00:03:30;73418.3571452197
00:03:30;73458.2566648818
00:03:30;73498.1067780819
00:03:30;73537.9074921543
00:03:30;73577.6588316249
00:03:30;73617.3608326274
00:03:30;73657.0135399557
00:03:31;73696.6169902631
00:03:31;73736.1712188169
00:03:31;73775.6762589692
00:03:31;73815.1321373251
00:03:31;73854.5388963999
00:03:31;73893.8965635808
00:03:31;73933.2051759679
00:03:32;73972.4647676005
00:03:32;74011.6753748026
00:03:32;74050.837034035
00:03:32;74089.9497811507
00:03:32;74129.0136512005
00:03:32;74168.02868022
00:03:32;74206.9949048936
00:03:33;74245.9123619356
00:03:33;74284.7810878613
00:03:33;74323.6011200714
00:03:33;74362.3724944461
00:03:33;74401.095231805
00:03:33;74439.7693819111
00:03:33;74478.3949609314
00:03:34;74516.9720242597
00:03:34;74555.5006149544
00:03:34;74593.9807680465
00:03:34;74632.4125141322
00:03:34;74670.7958835327
00:03:34;74709.1309130262
00:03:34;74747.4176360552
00:03:34;74785.656095905
00:03:35;74823.8381367088
00:03:35;74861.9774329453
00:03:35;74900.071298358
00:03:35;74938.1170399623
00:03:35;74976.1146915534
00:03:35;75014.0642854479
00:03:35;75051.9658567993
00:03:36;75089.81944044
00:03:36;75127.6250722475
00:03:36;75165.3827857357
00:03:36;75203.0926144756
00:03:36;75240.7545913497
00:03:36;75278.368751668
00:03:36;75315.9351346977
00:03:37;75353.4537862689
00:03:37;75390.9247348461
00:03:37;75428.3480264295
00:03:37;75465.7236720597
00:03:37;75503.0517078639
00:03:37;75540.3321702691
00:03:37;75577.5651020842
00:03:38;75614.750547157
00:03:38;75651.8885310607
00:03:38;75688.9790953796
00:03:38;75726.0222690579
00:03:38;75763.0180889854
00:03:38;75799.9665935165
00:03:38;75836.8678204534
00:03:39;75873.7218067746
00:03:39;75910.5285878418
00:03:39;75947.2882004866
00:03:39;75984.0006826245
00:03:39;76020.6579395883
00:03:39;76057.273561467
00:03:39;76093.8448757832
00:03:40;76130.3692098244
00:03:40;76166.8466000229
00:03:40;76203.2770855179
00:03:40;76239.660703547
00:03:40;76275.9974935546
00:03:40;76312.279372731
00:03:40;76348.5212652728
00:03:41;76384.7177981769
00:03:41;76420.8676558402
00:03:41;76456.9695244891
00:03:41;76493.0180348434
00:03:41;76529.0280987791
00:03:41;76564.9916437218
00:03:41;76600.9087079318
00:03:41;76636.7793308625
00:03:42;76672.6035424771
00:03:42;76708.3813802139
00:03:42;76744.1128785675
00:03:42;76779.7980774104
00:03:42;76815.4370325756
00:03:42;76851.0297775924
00:03:42;76886.5763483177
00:03:43;76922.0767767682
00:03:43;76957.531103298
00:03:43;76992.9393685585
00:03:43;77028.3016111021
00:03:43;77063.6178678159
00:03:43;77098.8881737592
00:03:43;77134.1125677328
00:03:44;77169.291087595
00:03:44;77204.4237715487
00:03:44;77239.5106569374
00:03:44;77274.5517800235
00:03:44;77309.545832066
00:03:44;77344.486119082
00:03:44;77379.3874866287
00:03:45;77414.2459339433
00:03:45;77449.0588049885
00:03:45;77483.826136085
00:03:45;77518.5479648054
00:03:45;77553.2243281031
00:03:45;77587.8552629665
00:03:45;77622.4408060173
00:03:46;77656.9809948753
00:03:46;77691.4758828466
00:03:46;77725.9254940096
00:03:46;77760.3298838678
00:03:46;77794.6890678445
00:03:46;77829.0030817003
00:03:46;77863.2719677089
00:03:47;77897.4957685807
00:03:47;77931.6745246488
00:03:47;77965.8082693814
00:03:47;77999.8970400518
00:03:47;78033.9408762358
00:03:47;78067.9398189967
00:03:47;78101.8939065936
00:03:48;78135.8031771432
00:03:48;78169.667668802
00:03:48;78203.4874209841
00:03:48;78237.2624737942
00:03:48;78270.9928661499
00:03:48;78304.6786367991
00:03:48;78338.3198253837
00:03:48;78371.9164715547
00:03:49;78405.4686141618
00:03:49;78438.9762938165
00:03:49;78472.4395495882
00:03:49;78505.8584212768
00:03:49;78539.2329486541
00:03:49;78572.5631723969
00:03:49;78605.849131975
00:03:50;78639.0908674175
00:03:50;78672.2884188701
00:03:50;78705.4418269579
00:03:50;78738.5511316599
00:03:50;78771.616373825
00:03:50;78804.6375930931
00:03:50;78837.6148306801
00:03:51;78870.540113025
00:03:51;78903.429507955
00:03:51;78936.2750433342
00:03:51;78969.0767598642
00:03:51;79001.8346979399
00:03:51;79034.5488983497
00:03:51;79067.2194025933
00:03:52;79099.8462365265
00:03:52;79132.429453516
00:03:52;79164.9690774161
00:03:52;79197.4651669998
00:03:52;79229.9177644503
00:03:52;79262.3269055637
00:03:52;79294.6926262367
00:03:53;79327.0149656675
00:03:53;79359.2939682244
00:03:53;79391.5296736141
00:03:53;79423.7221197824
00:03:53;79455.8713446723
00:03:53;79487.9773885553
00:03:53;79520.0402929073
00:03:54;79552.0600951446
00:03:54;79584.0368348777
00:03:54;79615.9705510492
00:03:54;79647.8612825252
00:03:54;79679.7090692515
00:03:54;79711.5139495701
00:03:54;79743.275962267
00:03:55;79774.9951465828
00:03:55;79806.6715405636
00:03:55;79838.3051836896
00:03:55;79869.896114281
00:03:55;79901.4430424712
00:03:55;79932.9420209996
00:03:55;79964.4050441996
00:03:55;79995.825510227
00:03:56;80027.2034711752
00:03:56;80058.538953386
00:03:56;80089.8306831187
00:03:56;80121.0746980897
00:03:56;80152.2829837588
00:03:56;80183.4489482794
00:03:56;80214.572639954
00:03:57;80245.6540909376
00:03:57;80276.6933464605
00:03:57;80307.6904385836
00:03:57;80338.6454089799
00:03:57;80369.558299419
00:03:57;80400.4291514998
00:03:57;80431.2580048291
00:03:58;80462.0448987545
00:03:58;80492.7898747138
00:03:58;80523.492974136
00:03:58;80554.1542377202
00:03:58;80584.7737062903
00:03:58;80615.3514207826
00:03:58;80645.8874224348
00:03:59;80676.3817527196
00:03:59;80706.8344533154
00:03:59;80737.2455649589
00:03:59;80767.615130221
00:03:59;80797.9431894391
00:03:59;80828.2297857881
00:03:59;80858.4749602373
00:04:00;80888.6787548253
00:04:00;80918.841211771
00:04:00;80948.9623724358
00:04:00;80979.0422801072
00:04:00;81009.0809650644
00:04:00;81039.0784760531
00:04:00;81069.0348424843
00:04:01;81098.9501194307
00:04:01;81128.8243559579
00:04:01;81158.6575851768
00:04:01;81188.4498458285
00:04:01;81218.2011787849
00:04:01;81247.9116276072
00:04:01;81277.5812341181
00:04:02;81307.2100347222
00:04:02;81336.7980741545
00:04:02;81366.3453931694
00:04:02;81395.8520321514
00:04:02;81425.3180303358
00:04:02;81454.7434286519
00:04:02;81484.12826799
00:04:02;81513.4725884662
00:04:03;81542.7764301308
00:04:03;81572.0345643573
00:04:03;81601.2549341006
00:04:03;81630.437579731
00:04:03;81659.5799069745
00:04:03;81688.6819551493
00:04:03;81717.7437642564
00:04:04;81746.7653744004
00:04:04;81775.7468251165
00:04:04;81804.6881560424
00:04:04;81833.5894063819
00:04:04;81862.4506157753
00:04:04;81891.2718238935
00:04:04;81920.0530696431
00:04:05;81948.794392154
00:04:05;81977.4958310137
00:04:05;82006.1574252826
00:04:05;82034.7792137595
00:04:05;82063.3546818
00:04:05;82091.8943653719
00:04:05;82120.3970059698
00:04:06;82148.8599966172
00:04:06;82177.2781250653
00:04:06;82205.6540699677
00:04:06;82233.9983742036
00:04:06;82262.3032029471
00:04:06;82290.5685881722
00:04:06;82318.7945676846
00:04:07;82346.9811900557
00:04:07;82375.1284957275
00:04:07;82403.2365238738
00:04:07;82431.3053138246
00:04:07;82459.3349097223
00:04:07;82487.3253535727
00:04:07;82515.27668589
00:04:08;82543.1889478782
00:04:08;82571.0621816298
00:04:08;82598.8964300932
00:04:08;82626.6917346691
00:04:08;82654.4481373309
00:04:08;82682.1656805829
00:04:08;82709.8444067517
00:04:09;82737.4843585421
00:04:09;82765.0855763158
00:04:09;82792.6480896305
00:04:09;82820.1719521094
00:04:09;82847.6571937278
00:04:09;82875.1038762098
00:04:09;82902.5120331317
00:04:09;82929.8816972306
00:04:10;82957.2129113765
00:04:10;82984.5057201727
00:04:10;83011.760175003
00:04:10;83038.9763063864
00:04:10;83066.1541542237
00:04:10;83093.2937624312
00:04:10;83120.3951733862
00:04:11;83147.4584256958
00:04:11;83174.4835576963
00:04:11;83201.4706117166
00:04:11;83228.419628368
00:04:11;83255.3306470886
00:04:11;83282.2037069034
00:04:11;83309.0388488341
00:04:12;83335.8361126899
00:04:12;83362.5955375596
00:04:12;83389.3171632236
00:04:12;83416.0010295095
00:04:12;83442.6471756543
00:04:12;83469.2556411881
00:04:12;83495.8264649087
00:04:13;83522.3596857653
00:04:13;83548.8553489315
00:04:13;83575.3134987239
00:04:13;83601.7341722893
00:04:13;83628.117408804
00:04:13;83654.4632342964
00:04:13;83680.7717038469
00:04:14;83707.0428617868
00:04:14;83733.2767460573
00:04:14;83759.4733912206
00:04:14;83785.6328315239
00:04:14;83811.7551178457
00:04:14;83837.8402905753
00:04:14;83863.8883860924
00:04:15;83889.8994467494
00:04:15;83915.8735155665
00:04:15;83941.8106346725
00:04:15;83967.7108431429
00:04:15;83993.5741831267
00:04:15;84019.4006977587
00:04:15;84045.1904283303
00:04:16;84070.9434160721
00:04:16;84096.6597031761
00:04:16;84122.339332473
00:04:16;84147.9823459821
00:04:16;84173.5887741357
00:04:16;84199.1586691395
00:04:16;84224.6894622125
00:04:16;84250.1811985286
00:04:17;84275.6417226299
00:04:17;84301.0658650467
00:04:17;84326.4536820009
00:04:17;84351.8052124335
00:04:17;84377.1204936464
00:04:17;84402.3995644809
00:04:17;84427.6424691104
00:04:18;84452.8492486542
00:04:18;84478.0199402402
00:04:18;84503.1545849112
00:04:18;84528.2532236093
00:04:18;84553.3158974719
00:04:18;84578.3426434804
00:04:18;84603.3335034518
00:04:19;84628.2885171094
00:04:19;84653.2077238604
00:04:19;84678.0911627868
00:04:19;84702.9388739261
00:04:19;84727.7508966554
00:04:19;84752.5272701473
00:04:19;84777.268033528
00:04:20;84801.9732263831
00:04:20;84826.6428874246
00:04:20;84851.2770555273
00:04:20;84875.8757694765
00:04:20;84900.4390735548
00:04:20;84924.967013168
00:04:20;84949.4596233518
00:04:21;84973.9169427048
00:04:21;84998.3389986592
00:04:21;85022.7258413227
00:04:21;85047.0775178598
00:04:21;85071.3940564288
00:04:21;85095.6755030986
00:04:21;85119.9218928773
00:04:22;85144.1332676724
00:04:22;85168.3096674825
00:04:22;85192.4511328051
00:04:22;85216.5577034173
00:04:22;85240.6294196351
00:04:22;85264.6663222708
00:04:22;85288.6684516232
00:04:23;85312.6358477755
00:04:23;85336.5685518783
00:04:23;85360.4666043279
00:04:23;85384.3300454393
00:04:23;85408.1589162978
00:04:23;85431.9532576508
00:04:23;85455.7131100801
00:04:23;85479.4385144409
00:04:24;85503.1295119297
00:04:24;85526.7861431902
00:04:24;85550.4084496974
00:04:24;85573.996472184
00:04:24;85597.550251494
00:04:24;85621.0698297304
00:04:24;85644.5552468381
00:04:25;85668.0065452271
00:04:25;85691.4237644188
00:04:25;85714.8069339524
00:04:25;85738.1561059845
00:04:25;85761.4713138056
00:04:25;85784.7526049092
00:04:25;85808.0000194719
00:04:26;85831.2135885634
00:04:26;85854.3933650623
00:04:26;85877.5393878436
00:04:26;85900.6516897565
00:04:26;85923.7303138155
00:04:26;85946.775303275
00:04:26;85969.7866952025
00:04:27;85992.7645268252
00:04:27;86015.7088407115
00:04:27;86038.6196773819
00:04:27;86061.4970732022
00:04:27;86084.3410681409
00:04:27;86107.1517027145
00:04:27;86129.9290160079
00:04:28;86152.6730450972
00:04:28;86175.3838307863
00:04:28;86198.0614117321
00:04:28;86220.7058259675
00:04:28;86243.3171122158
00:04:28;86265.8953098719
00:04:28;86288.4404576584
00:04:29;86310.952592575
00:04:29;86333.4317541878
00:04:29;86355.8715587393
00:04:29;86378.2836030738
00:04:29;86400.6640731159
00:04:29;86423.0117224415
00:04:29;86445.3265883859
00:04:30;86467.6087094884
00:04:30;86489.8581284478
00:04:30;86512.0748861138
00:04:30;86534.2590196303
00:04:30;86556.41056738
00:04:30;86578.5295621102
00:04:30;86600.6160538319
00:04:30;86622.6700724111
00:04:31;86644.6916498946
00:04:31;86666.6808364643
00:04:31;86688.6376687613
00:04:31;86710.5621802427
00:04:31;86732.4544132364
00:04:31;86754.313128565
00:04:31;86776.1345163949
00:04:32;86797.93014975
00:04:32;86819.6936641367
00:04:32;86841.4250969989
00:04:32;86863.1244856971
00:04:32;86884.7841870767
00:04:32;86906.4170493429
00:04:32;86928.0205485474
00:04:33;86949.5921629491
00:04:33;86971.1319342335
00:04:33;86992.6399004024
00:04:33;87014.1161010913
00:04:33;87035.560577265
00:04:33;87056.9708092087
00:04:33;87078.3468362793
00:04:34;87099.6963758436
00:04:34;87121.0143509835
00:04:34;87142.3007908871
00:04:34;87163.5557425157
00:04:34;87184.7792373908
00:04:34;87205.9713221443
00:04:34;87227.1320374402
00:04:35;87248.2614084814
00:04:35;87269.3594913833
00:04:35;87290.4224911641
00:04:35;87311.4542670929
00:04:35;87332.4586999796
00:04:35;87353.431999407
00:04:35;87374.3741945757
00:04:36;87395.2853246309
00:04:36;87416.1654346669
00:04:36;87437.0145578358
00:04:36;87457.8327292509
00:04:36;87478.6199924494
00:04:36;87499.3763843457
00:04:36;87520.1019380371
00:04:37;87540.7966946958
00:04:37;87561.4606933804
00:04:37;87582.0939675061
00:04:37;87602.6965556215
00:04:37;87623.268497129
00:04:37;87643.8098270471
00:04:37;87664.3205810217
00:04:37;87684.800799594
00:04:38;87705.2505175711
00:04:38;87725.6697702826
00:04:38;87746.0586074685
00:04:38;87766.4170605763
00:04:38;87786.7451718005
00:04:38;87807.0429646359
00:04:38;87827.310478989
00:04:39;87847.5477653646
00:04:39;87867.7548493167
00:04:39;87887.9317715062
00:04:39;87908.0785716377
00:04:39;87928.1952819858
00:04:39;87948.2819423912
00:04:39;87968.3385924696
00:04:40;87988.3652681372
00:04:40;88008.3620061275
00:04:40;88028.3288471571
00:04:40;88048.2658274191
00:04:40;88068.1729842762
00:04:40;88088.050356976
00:04:40;88107.8979836667
00:04:41;88127.7159005383
00:04:41;88147.5041469183
00:04:41;88167.2627620914
00:04:41;88186.991781802
00:04:41;88206.6912454038
00:04:41;88226.3611917155
00:04:41;88246.0016575702
00:04:42;88265.6126818502
00:04:42;88285.1943035288
00:04:42;88304.7465599716
00:04:42;88324.2694895542
00:04:42;88343.7631316318
00:04:42;88363.2275237867
00:04:42;88382.6627042668
00:04:43;88402.0687110587
00:04:43;88421.4455699521
00:04:43;88440.7933309437
00:04:43;88460.1120260813
00:04:43;88479.4016947291
00:04:43;88498.6623741622
00:04:43;88517.8940973171
00:04:44;88537.0969178939
00:04:44;88556.2708584416
00:04:44;88575.4159569814
00:04:44;88594.5322602619
00:04:44;88613.6197972087
00:04:44;88632.6786014657
00:04:44;88651.7087194399
00:04:44;88670.7101817635
00:04:45;88689.6830209075
00:04:45;88708.6272815068
00:04:45;88727.542996053
00:04:45;88746.4301961297
00:04:45;88765.2889249125
00:04:45;88784.1192165789
00:04:45;88802.9211011713
00:04:46;88821.6946211121
00:04:46;88840.4398108971
00:04:46;88859.1567013294
00:04:46;88877.8453323692
00:04:46;88896.505739291
00:04:46;88915.1379648375
00:04:46;88933.742037194
00:04:47;88952.3180022206
00:04:47;88970.8658867633
00:04:47;88989.385726849
00:04:47;89007.8775705618
00:04:47;89026.3414277375
00:04:47;89044.7773528865
00:04:47;89063.1853849138
00:04:48;89081.5655418589
00:04:48;89099.9178735305
00:04:48;89118.2424200213
00:04:48;89136.5392010832
00:04:48;89154.8082638896
00:04:48;89173.0433236002
00:04:48;89191.2557880222
00:04:49;89209.4419074191
00:04:49;89227.600458641
00:04:49;89245.731463114
00:04:49;89263.8349656331
00:04:49;89281.9110084644
00:04:49;89299.9596136325
00:04:49;89317.9808258784
00:04:50;89335.9746873752
00:04:50;89353.9412201428
00:04:50;89371.8804690953
00:04:50;89389.7924762304
00:04:50;89407.6772637925
00:04:50;89425.5348773508
00:04:50;89443.3653578236
00:04:51;89461.1687283673
00:04:51;89478.9399816109
00:04:51;89496.6867366049
00:04:51;89514.4090178951
00:04:51;89532.1043444728
00:04:51;89549.7727557473
00:04:51;89567.4142768633
00:04:51;89585.02894858
00:04:52;89602.6168085969
00:04:52;89620.1778828824
00:04:52;89637.7122127071
00:04:52;89655.2198399063
00:04:52;89672.7007784164
00:04:52;89690.155096589
00:04:52;89707.5828145549
00:04:53;89724.9839534113
00:04:53;89742.3585794531
00:04:53;89759.7067060835
00:04:53;89777.0283613976
00:04:53;89794.3236085456
00:04:53;89811.5848920515
00:04:53;89828.8248534014
00:04:54;89846.0410326861
00:04:54;89863.2309143679
00:04:54;89880.3945356105
00:04:54;89897.531955885
00:04:54;89914.6431769907
00:04:54;89931.7282439561
00:04:54;89948.7872104148
00:04:55;89965.8200763352
00:04:55;89982.826895511
00:04:55;89999.8077256322
00:04:55;90016.7625546046
00:04:55;90033.6914496849
00:04:55;90050.5944498183
00:04:55;90067.4715582654
00:04:56;90084.3228310796
00:04:56;90101.1483027794
00:04:56;90117.9479859242
00:04:56;90134.7219374429
00:04:56;90151.4701905111
00:04:56;90168.1927559464
00:04:56;90184.8896987591
00:04:57;90201.5610412948
00:04:57;90218.2068007536
00:04:57;90234.8270461615
00:04:57;90251.4217880421
00:04:57;90267.9910540925
00:04:57;90284.5349130774
00:04:57;90301.0533647934
00:04:58;90317.5464513747
00:04:58;90334.0142351368
00:04:58;90350.4504220854
00:04:58;90366.8663858696
00:04:58;90383.2584059596
00:04:58;90399.6252141437
00:04:58;90415.9668854933
00:04:58;90432.2834530425
00:04:59;90448.5749103216
00:04:59;90464.8413479466
00:04:59;90481.0827689571
00:04:59;90497.2991824022
00:04:59;90513.4906866931
00:04:59;90529.6572545745
00:04:59;90545.7989315286
00:05:00;90561.9157969708
00:05:00;90578.007830962
00:05:00;90594.0750851654
00:05:00;90610.1176327927
00:05:00;90626.1354342217
00:05:00;90642.128576639
00:05:00;90658.0971035381
00:05:01;90674.0409738354
00:05:01;90689.9603110042
00:05:01;90705.8551075757
00:05:01;90721.7253524691
00:05:01;90737.5711837463
00:05:01;90753.3925391644
00:05:01;90769.1894650278
00:05:02;90784.9620813949
00:05:02;90800.710284445
00:05:02;90816.4341986545
00:05:02;90832.13388083
00:05:02;90847.8092260665
00:05:02;90863.4604319891
00:05:02;90879.0874520415
00:05:03;90894.6902430527
00:05:03;90910.2690328682
00:05:03;90925.8236802934
00:05:03;90941.3542526567
00:05:03;90956.853413007
00:05:03;90972.3359535087
00:05:03;90987.7946232249
00:05:04;91003.2294262927
00:05:04;91018.640168621
00:05:04;91034.0272458143
00:05:04;91049.3904187258
00:05:04;91064.7297025876
00:05:04;91080.0454671927
00:05:04;91095.3372792121
00:05:05;91110.6054780384
00:05:05;91125.8501809974
00:05:05;91141.0709262914
00:05:05;91156.2683941843
00:05:05;91171.4422170568
00:05:05;91186.5922806105
00:05:05;91201.719309005
00:05:05;91216.8224578033
00:05:06;91231.9022899217
00:05:06;91246.9590516458
00:05:06;91261.9918250723
00:05:06;91277.0018366907
00:05:06;91291.9883889155
00:05:06;91306.9512249717
00:05:06;91321.8917068804
00:05:07;91336.808138671
00:05:07;91351.701702937
00:05:07;91366.5727225953
00:05:07;91381.4188723427
00:05:07;91396.2429115587
00:05:07;91411.0463601637
00:05:07;91425.8245320302
00:05:08;91440.5788863004
00:05:08;91455.3118356909
00:05:08;91470.0209209375
00:05:08;91484.7072247149
00:05:08;91499.3722299065
00:05:08;91514.0121779841
00:05:08;91528.6295342476
00:05:09;91543.22783852
00:05:09;91557.8012447665
00:05:09;91572.3501653501
00:05:09;91586.8771360902
00:05:09;91601.3836621176
00:05:09;91615.8654603235
00:05:09;91630.324224714
00:05:10;91644.7622886772
00:05:10;91659.1756951748
00:05:10;91673.5670731392
00:05:10;91687.9403906307
00:05:10;91702.2891925535
00:05:10;91716.6135706039
00:05:10;91730.9155951942
00:05:11;91745.1978789913
00:05:11;91759.4558003142
00:05:11;91773.690437071
00:05:11;91787.904591028
00:05:11;91802.0946583088
00:05:11;91816.2638899705
00:05:11;91830.4149723005
00:05:12;91844.5419265919
00:05:12;91858.6441476237
00:05:12;91872.7230350636
00:05:12;91886.7827277161
00:05:12;91900.8182344743
00:05:12;91914.8338303763
00:05:12;91928.8285598829
00:05:12;91942.8006533948
00:05:13;91956.7485853109
00:05:13;91970.6782043978
00:05:13;91984.58352242
00:05:13;91998.4665635186
00:05:13;92012.3302531238
00:05:13;92026.1742593244
00:05:13;92039.9954089416
00:05:14;92053.7913857191
00:05:14;92067.5665388237
00:05:14;92081.3203494925
00:05:14;92095.0516509665
00:05:14;92108.7629872996
00:05:14;92122.4537641591
00:05:14;92136.1213438369
00:05:15;92149.7676118717
00:05:15;92163.3958473636
00:05:15;92177.0008608366
00:05:15;92190.5827929695
00:05:15;92204.1440640468
00:05:15;92217.6874103051
00:05:15;92231.2077348585
00:05:16;92244.6986323136
00:05:16;92258.1735109229
00:05:16;92271.6321373249
00:05:16;92285.0678311662
00:05:16;92298.4807646472
00:05:16;92311.8731664461
00:05:16;92325.2472657189
00:05:17;92338.5985455018
00:05:17;92351.926846693
00:05:17;92365.2348548569
00:05:17;92378.5236139375
00:05:17;92391.7897980782
00:05:17;92405.0356285413
00:05:17;92418.2622139169
00:05:18;92431.466143876
00:05:18;92444.6479206077
00:05:18;92457.8124095734
00:05:18;92470.9542377626
00:05:18;92484.0664539448
00:05:18;92497.1651381113
00:05:18;92510.2489854646
00:05:19;92523.311145055
00:05:19;92536.3495720122
00:05:19;92549.365002192
00:05:19;92562.3654893432
00:05:19;92575.3420528374
00:05:19;92588.2980327328
00:05:19;92601.2341708321
00:05:19;92614.1514172029
00:05:20;92627.0498164055
00:05:20;92639.9267600024
00:05:20;92652.7817802845
00:05:20;92665.6182277837
00:05:20;92678.4326250412
00:05:20;92691.2270071366
00:05:20;92704.0037522659
00:05:21;92716.7586612516
00:05:21;92729.4843680565
00:05:21;92742.1978020656
00:05:21;92754.8937340028
00:05:21;92767.5680087283
00:05:21;92780.2208252004
00:05:21;92792.8542926476
00:05:22;92805.4710719443
00:05:22;92818.0664242212
00:05:22;92830.6401925236
00:05:22;92843.1934974138
00:05:22;92855.7287677962
00:05:22;92868.2427219115
00:05:22;92880.7374478879
00:05:23;92893.214630994
00:05:23;92905.6704860446
00:05:23;92918.1050316131
00:05:23;92930.5207376004
00:05:23;92942.9168870023
00:05:23;92955.2929391155
00:05:23;92967.6504503293
00:05:24;92979.988598366
00:05:24;92992.3061346133
00:05:24;93004.6048962779
00:05:24;93016.8862359137
00:05:24;93029.1466342679
00:05:24;93041.3865746952
00:05:24;93053.6078587169
00:05:25;93065.8112486141
00:05:25;93077.9938641214
00:05:25;93090.1568541778
00:05:25;93102.3019676415
00:05:25;93114.4263760283
00:05:25;93126.5320096255
00:05:25;93138.6216838851
00:05:26;93150.690808678
00:05:26;93162.7393722858
00:05:26;93174.7684262538
00:05:26;93186.7794907176
00:05:26;93198.7701141114
00:05:26;93210.7425279813
00:05:26;93222.7000323337
00:05:26;93234.6372571791
00:05:27;93246.554169612
00:05:27;93258.4507991447
00:05:27;93270.3286620906
00:05:27;93282.1901050884
00:05:27;93294.0313854571
00:05:27;93305.8524879644
00:05:27;93317.6554622122
00:05:28;93329.4431723016
00:05:28;93341.2109103757
00:05:28;93352.9586018685
00:05:28;93364.6864602073
00:05:28;93376.396292249
00:05:28;93388.0901068049
00:05:28;93399.7640560133
00:05:29;93411.418124981
00:05:29;93423.0537142269
00:05:29;93434.6727571032
00:05:29;93446.2720705114
00:05:29;93457.8520529284
00:05:29;93469.4142740022
00:05:29;93480.9588680278
00:05:30;93492.483791288
00:05:30;93503.9907982501
00:05:30;93515.4824831759
00:05:30;93526.9546586219
00:05:30;93538.4073302065
00:05:30;93549.8411702653
00:05:30;93561.2573732422
00:05:31;93572.655140358
00:05:31;93584.0349648171
00:05:31;93595.397437805
00:05:31;93606.7405404153
00:05:31;93618.0660437477
00:05:31;93629.3765489621
00:05:31;93640.6678532878
00:05:32;93651.9399597177
00:05:32;93663.1932210281
00:05:32;93674.4291168675
00:05:32;93685.6484914364
00:05:32;93696.8487677531
00:05:32;93708.0306422408
00:05:32;93719.195238789
00:05:33;93730.3355090659
00:05:33;93741.4560072965
00:05:33;93752.5666469636
00:05:33;93763.6602492885
00:05:33;93774.7370478697
00:05:33;93785.7949637657
00:05:33;93796.8352811468
00:05:33;93807.8598071324
00:05:34;93818.865581104
00:05:34;93829.8528568931
00:05:34;93840.8232159322
00:05:34;93851.7778596673
00:05:34;93862.7138982405
00:05:34;93873.6312971691
00:05:34;93884.5317916024
00:05:35;93895.4178193668
00:05:35;93906.284177553
00:05:35;93917.1271032534
00:05:35;93927.9577402561
00:05:35;93938.7715850065
00:05:35;93949.5712317958
00:05:35;93960.345179901
00:05:36;93971.1082118194
00:05:36;93981.851719492
00:05:36;93992.5733653884
00:05:36;94003.2863594539
00:05:36;94013.9811681854
00:05:36;94024.6577753257
00:05:36;94035.3170546988
00:05:37;94045.9601720265
00:05:37;94056.5851784361
00:05:37;94067.1936362108
00:05:37;94077.7879600114
00:05:37;94088.3643139699
00:05:37;94098.9227087518
00:05:37;94109.463153013
00:05:38;94119.9871818684
00:05:38;94130.4971445976
00:05:38;94140.9892972239
00:05:38;94151.4635978977
00:05:38;94161.9200808498
00:05:38;94172.3602164232
00:05:38;94182.7862737558
00:05:39;94193.1946620008
00:05:39;94203.5816702227
00:05:39;94213.9460897318
00:05:39;94224.3030679008
00:05:39;94234.6464646256
00:05:39;94244.9723500789
00:05:39;94255.2806935038
00:05:40;94265.5715219383
00:05:40;94275.8455924307
00:05:40;94286.1041320958
00:05:40;94296.3452246253
00:05:40;94306.5701682143
00:05:40;94316.7809216424
00:05:40;94326.9743488142
00:05:40;94337.1504496825
00:05:41;94347.3097434911
00:05:41;94357.4530717499
00:05:41;94367.5799493163
00:05:41;94377.6907435746
00:05:41;94387.7851983671
00:05:41;94397.8635246473
00:05:41;94407.926066597
00:05:42;94417.9714694978
00:05:42;94427.9941171956
00:05:42;94438.0113975572
00:05:42;94448.0117331087
00:05:42;94457.9951158322
00:05:42;94467.9615665677
00:05:42;94477.9110226555
00:05:43;94487.844823216
00:05:43;94497.7647940301
00:05:43;94507.6679579193
00:05:43;94517.5542849477
00:05:43;94527.4240464286
00:05:43;94537.2784088008
00:05:43;94547.1181802652
00:05:44;94556.9412212074
00:05:44;94566.7475384473
00:05:44;94576.5387575198
00:05:44;94586.3171728351
00:05:44;94596.0790719336
00:05:44;94605.8244004134
00:05:44;94615.5531999418
00:05:45;94625.2654130396
00:05:45;94634.9626718864
00:05:45;94644.6472258999
00:05:45;94654.3154157038
00:05:45;94663.9671967857
00:05:45;94673.6026003726
00:05:45;94683.2215796073
00:05:46;94692.825722374
00:05:46;94702.4172653471
00:05:46;94711.9926020789
00:05:46;94721.5516795695
00:05:46;94731.0945385308
00:05:46;94740.6211271236
00:05:46;94750.1329527478
00:05:47;94759.6321556933
00:05:47;94769.1153053406
00:05:47;94778.5823708206
00:05:47;94788.0333816629
00:05:47;94797.4683395182
00:05:47;94806.8887158777
00:05:47;94816.2962618187
00:05:47;94825.6878967419
00:05:48;94835.0635781399
00:05:48;94844.4233381784
00:05:48;94853.7677206107
00:05:48;94863.0976229454
00:05:48;94872.4116524911
00:05:48;94881.7112613057
00:05:48;94890.9986359621
00:05:49;94900.2703110313
00:05:49;94909.5262774277
00:05:49;94918.7665556903
00:05:49;94927.9910878727
00:05:49;94937.2010981441
00:05:49;94946.3982437787
00:05:49;94955.5798273321
00:05:50;94964.7458023258
00:05:50;94973.8962039993
00:05:50;94983.0321264431
00:05:50;94992.1552868889
00:05:50;95001.2630051749
00:05:50;95010.3552523046
00:05:50;95019.4320700788
00:05:51;95028.4945171501
00:05:51;95037.5443064589
00:05:51;95046.578779681
00:05:51;95055.5979149143
00:05:51;95064.6017469565
00:05:51;95073.5912692583
00:05:51;95082.5680644824
00:05:52;95091.5296587186
00:05:52;95100.4760288083
00:05:52;95109.4035352828
00:05:52;95118.3147032755
00:05:52;95127.2201410568
00:05:52;95136.110539209
00:05:52;95144.9858432822
00:05:53;95153.8460963075
00:05:53;95162.6912558619
00:05:53;95171.5222502885
00:05:53;95180.3404041032
00:05:53;95189.1436305559
00:05:53;95197.9319105011
00:05:53;95206.705776098
00:05:54;95215.4659542738
00:05:54;95224.2112526438
00:05:54;95232.9428911532
00:05:54;95241.6627140901
00:05:54;95250.3677940218
00:05:54;95259.0581065335
00:05:54;95267.7336889481
00:05:54;95276.3944947923
00:05:55;95285.0417122373
00:05:55;95293.6770017809
00:05:55;95302.2977079531
00:05:55;95310.9037801852
00:05:55;95319.4952610246
00:05:55;95328.0722264404
00:05:55;95336.6357706594
00:05:56;95345.186824898
00:05:56;95353.7234003815
00:05:56;95362.2454692201
00:05:56;95370.7531914695
00:05:56;95379.2475615706
00:05:56;95387.7296012851
00:05:56;95396.1972802578
00:05:57;95404.6505828981
00:05:57;95413.0895367708
00:05:57;95421.515413428
00:05:57;95429.9301832424
00:05:57;95438.3307642775
00:05:57;95446.7171007587
00:05:57;95455.0892367957
00:05:58;95463.4471289486
00:05:58;95471.7908215557
00:05:58;95480.1215895903
00:05:58;95488.4414006443
00:05:58;95496.7471908602
00:05:58;95505.0389453374
00:05:58;95513.3166816498
00:05:59;95521.5803406179
00:05:59;95529.8299832958
00:05:59;95538.0667372028
00:05:59;95546.2922736396
00:05:59;95554.5039238359
00:05:59;95562.7016318266
00:05:59;95570.8854322354
00:06:00;95579.0553085393
00:06:00;95587.2118677932
00:06:00;95595.3559876746
00:06:00;95603.4863057603
00:06:00;95611.6029025094
00:06:00;95619.706749217
00:06:00;95627.7986316897
00:06:01;95635.8768270081
00:06:01;95643.9413131647
00:06:01;95651.992183303
00:06:01;95660.0304493917
00:06:01;95668.0573308839
00:06:01;95676.0706432208
00:06:01;95684.0703789082
00:06:01;95692.0565678511
00:06:02;95700.0293087185
00:06:02;95707.9894515905
00:06:02;95715.9375108358
00:06:02;95723.8720885604
00:06:02;95731.7931784447
00:06:02;95739.701591978
00:06:02;95747.5984851206
00:06:03;95755.4820396021
00:06:03;95763.3521989301
00:06:03;95771.2090155927
00:06:03;95779.0533729648
00:06:03;95786.8867199755
00:06:03;95794.7068423607
00:06:03;95802.5137092751
00:06:04;95810.3073624964
00:06:04;95818.0877419302
00:06:04;95825.8559448069
00:06:04;95833.6134846535
00:06:04;95841.357946961
00:06:04;95849.0892978028
00:06:04;95856.8075813897
00:06:05;95864.5127347292
00:06:05;95872.2050117297
00:06:05;95879.884961376
00:06:05;95887.55256814
00:06:05;95895.2071457199
00:06:05;95902.8498777511
00:06:05;95910.4826040418
00:06:06;95918.1024761845
00:06:06;95925.7094777314
00:06:06;95933.3036421387
00:06:06;95940.8849110104
00:06:06;95948.4533419068
00:06:06;95956.0089050995
00:06:06;95963.5454229577
00:06:07;95971.0767122464
00:06:07;95978.5977616087
00:06:07;95986.1060725774
00:06:07;95993.6016914402
00:06:07;96001.0845811804
00:06:07;96008.5547796945
00:06:07;96016.0126122716
00:06:08;96023.4586113116
00:06:08;96030.8919551799
00:06:08;96038.3136644695
00:06:08;96045.7253038125
00:06:08;96053.1244548027
00:06:08;96060.5111145651
00:06:08;96067.8816400635
00:06:08;96075.2396384289
00:06:09;96082.585163673
00:06:09;96089.9188116478
00:06:09;96097.2378388172
00:06:09;96104.5517683321
00:06:09;96111.8532658889
00:06:09;96119.1424042978
00:06:09;96126.4201395232
00:06:10;96133.686700573
00:06:10;96140.936149157
00:06:10;96148.1794304063
00:06:10;96155.4104773256
00:06:10;96162.6292358983
00:06:10;96169.8357608508
00:06:10;96177.030634088
00:06:11;96184.2147691811
00:06:11;96191.3867604785
00:06:11;96198.546583467
00:06:11;96205.6942733473
00:06:11;96212.8307716819
00:06:11;96219.957547726
00:06:11;96227.0723348631
00:06:12;96234.1750665783
00:06:12;96241.265791371
00:06:12;96248.339605009
00:06:12;96255.4038487809
00:06:12;96262.4587364583
00:06:12;96269.502209342
00:06:12;96276.5340241104
00:06:13;96283.5546875608
00:06:13;96290.5634718828
00:06:13;96297.5610789731
00:06:13;96304.5486560271
00:06:13;96311.524438201
00:06:13;96318.4884281891
00:06:13;96325.4406390504
00:06:14;96332.3810317902
00:06:14;96339.3102246781
00:06:14;96346.2290127637
00:06:14;96353.1360953728
00:06:14;96360.0314477815
00:06:14;96366.9151103313
00:06:14;96373.7878690889
00:06:15;96380.6510104802
00:06:15;96387.5025923273
00:06:15;96394.3425786508
00:06:15;96401.1710175527
00:06:15;96407.9878466353
00:06:15;96414.79312157
00:06:15;96421.5874977224
00:06:15;96428.3720193913
00:06:16;96435.1451025343
00:06:16;96441.9067165082
00:06:16;96448.6568973445
00:06:16;96455.3955984346
00:06:16;96462.1235149851
00:06:16;96468.8415836856
00:06:16;96475.5483182408
00:06:17;96482.2436864958
00:06:17;96488.9277373434
00:06:17;96495.6004178398
00:06:17;96502.2625845822
00:06:17;96508.915400597
00:06:17;96515.5570136624
00:06:17;96522.1873748963
00:06:18;96528.806525102
00:06:18;96535.4144369764
00:06:18;96542.0111417336
00:06:18;96548.5969806905
00:06:18;96555.1725239645
00:06:18;96561.736939968
00:06:18;96568.2901976194
00:06:19;96574.8332502802
00:06:19;96581.3674709308
00:06:19;96587.8907386472
00:06:19;96594.4030203441
00:06:19;96600.9043380619
00:06:19;96607.3946431832
00:06:19;96613.8739867416
00:06:20;96620.3423433573
00:06:20;96626.7997316723
00:06:20;96633.2470924745
00:06:20;96639.6857543072
00:06:20;96646.1135904725
00:06:20;96652.5305045707
00:06:20;96658.9365745832
00:06:21;96665.3317874951
00:06:21;96671.7161610422
00:06:21;96678.0896915053
00:06:21;96684.4523820538
00:06:21;96690.8049722567
00:06:21;96697.1484764064
00:06:21;96703.4813202311
00:06:22;96709.8034736885
00:06:22;96716.1149369797
00:06:22;96722.4157041702
00:06:22;96728.704570157
00:06:22;96734.978412986
00:06:22;96741.2489518352
00:06:22;96747.5089291069
00:06:22;96753.7583197701
00:06:23;96759.99713941
00:06:23;96766.2253651764
00:06:23;96772.4439274088
00:06:23;96778.6540749192
00:06:23;96784.8537992407
00:06:23;96791.0430159024
00:06:23;96797.2217809205
00:06:24;96803.3900880616
00:06:24;96809.5479560135
00:06:24;96815.6953781164
00:06:24;96821.8323643096
00:06:24;96827.9591892444
00:06:24;96834.0763099598
00:06:24;96840.1830837674
00:06:25;96846.2796022568
00:06:25;96852.3661616822
00:06:25;96858.4426350869
00:06:25;96864.509316069
00:06:25;96870.5668130622
00:06:25;96876.6141042919
00:06:25;96882.6511632875
00:06:26;96888.6780046244
00:06:26;96894.6947387704
00:06:26;96900.7016125428
00:06:26;96906.6986829601
00:06:26;96912.6863176838
00:06:26;96918.6638223729
00:06:26;96924.6311822257
00:06:27;96930.5889748632
00:06:27;96936.5379411444
00:06:27;96942.4768767245
00:06:27;96948.4057298312
00:06:27;96954.3245373104
00:06:27;96960.233294262
00:06:27;96966.1321526256
00:06:28;96972.0213388784
00:06:28;96977.9008350126
00:06:28;96983.7711673358
00:06:28;96989.6315994641
00:06:28;96995.4820828812
00:06:28;97001.3229035651
00:06:28;97007.1544391927
00:06:29;97012.9761200837
00:06:29;97018.7879538418
00:06:29;97024.5906605732
00:06:29;97030.3852359015
00:06:29;97036.1700907683
00:06:29;97041.945196381
00:06:29;97047.7105959394
00:06:29;97053.4662340131
00:06:30;97059.2073149551
00:06:30;97064.936225678
00:06:30;97070.6626553799
00:06:30;97076.3799257838
00:06:30;97082.0890232265
00:06:30;97087.7885207207
00:06:30;97093.4784288986
00:06:31;97099.1587517869
00:06:31;97104.8294520136
00:06:31;97110.4905765174
00:06:31;97116.1420997463
00:06:31;97121.7845010911
00:06:31;97127.418413813
00:06:31;97133.0428256824
00:06:32;97138.6577069355
00:06:32;97144.2630896269
00:06:32;97149.8589583347
00:06:32;97155.4456487085
00:06:32;97161.0236258057
00:06:32;97166.5921583901
00:06:32;97172.1512357341
00:06:33;97177.7009005259
00:06:33;97183.2418303213
00:06:33;97188.7752078326
00:06:33;97194.2993201475
00:06:33;97199.8141575267
00:06:33;97205.3197333122
00:06:33;97210.8160017174
00:06:34;97216.2981699236
00:06:34;97221.7734772087
00:06:34;97227.2419443633
00:06:34;97232.7011472909
00:06:34;97238.1512921961
00:06:34;97243.5926735295
00:06:34;97249.0248384217
00:06:35;97254.4480212616
00:06:35;97259.8625697555
00:06:35;97265.267944877
00:06:35;97270.6641502216
00:06:35;97276.0517972689
00:06:35;97281.4317428952
00:06:35;97286.8026579419
00:06:36;97292.1644826793
00:06:36;97297.5172738648
00:06:36;97302.8609922284
00:06:36;97308.195675308
00:06:36;97313.5213084958
00:06:36;97318.8379035023
00:06:36;97324.1459035742
00:06:36;97329.4460372761
00:06:37;97334.7372742612
00:06:37;97340.0196016841
00:06:37;97345.2930132643
00:06:37;97350.5575067139
00:06:37;97355.8130890232
00:06:37;97361.0599647339
00:06:37;97366.2984235217
00:06:38;97371.5280204141
00:06:38;97376.7487516126
00:06:38;97381.9613399609
00:06:38;97387.1667522071
00:06:38;97392.3634516627
00:06:38;97397.5513683251
00:06:38;97402.7305527668
00:06:39;97407.9009891351
00:06:39;97413.0627047668
00:06:39;97418.2156876067
00:06:39;97423.3599507484
00:06:39;97428.4954956396
00:06:39;97433.6223268784
00:06:39;97438.740654789
00:06:40;97443.8508318479
00:06:40;97448.9523895452
00:06:40;97454.0452921801
00:06:40;97459.1299140562
00:06:40;97464.2068106879
00:06:40;97469.2751807235
00:06:40;97474.3350026754
00:06:41;97479.3862754004
00:06:41;97484.4289913452
00:06:41;97489.4631692024
00:06:41;97494.4894598551
00:06:41;97499.5088092308
00:06:41;97504.5197612671
00:06:41;97509.522256138
00:06:42;97514.516343839
00:06:42;97519.5020053178
00:06:42;97524.4792673328
00:06:42;97529.4481199153
00:06:42;97534.4085753734
00:06:42;97539.3606350941
00:06:42;97544.304303678
00:06:43;97549.2395864828
00:06:43;97554.1670749199
00:06:43;97559.0876991752
00:06:43;97564.0001005451
00:06:43;97568.9042470534
00:06:43;97573.8001703891
00:06:43;97578.6878226349
00:06:43;97583.5672530163
00:06:44;97588.4384379842
00:06:44;97593.301395183
00:06:44;97598.1561252207
00:06:44;97603.0026316291
00:06:44;97607.8410363504
00:06:44;97612.6715171512
00:06:44;97617.4938110404
00:06:45;97622.3084561067
00:06:45;97627.1162765987
00:06:45;97631.9160494137
00:06:45;97636.7077321422
00:06:45;97641.4913617664
00:06:45;97646.2669093004
00:06:45;97651.0344084403
00:06:46;97655.7938444542
00:06:46;97660.5452314409
00:06:46;97665.2861538291
00:06:46;97670.0166165823
00:06:46;97674.744262571
00:06:46;97679.4612577484
00:06:46;97684.170320291
00:06:47;97688.8750634741
00:06:47;97693.571888146
00:06:47;97698.2607603659
00:06:47;97702.9417167867
00:06:47;97707.6147419838
00:06:47;97712.279887829
00:06:47;97716.9374663309
00:06:48;97721.587778676
00:06:48;97726.2302420139
00:06:48;97730.8648533113
00:06:48;97735.4916417613
00:06:48;97740.1105786201
00:06:48;97744.7220000225
00:06:48;97749.3263396225
00:06:49;97753.92291454
00:06:49;97758.511708847
00:06:49;97763.092766649
00:06:49;97767.6660456355
00:06:49;97772.2315849031
00:06:49;97776.7896518391
00:06:49;97781.3407081992
00:06:50;97785.8840965844
00:06:50;97790.4197956282
00:06:50;97794.9478448102
00:06:50;97799.4682063471
00:06:50;97803.9809162094
00:06:50;97808.4863096894
00:06:50;97812.9849556468
00:06:50;97817.4760653578
00:06:51;97821.9596187134
00:06:51;97826.4356215383
00:06:51;97830.9040580252
00:06:51;97835.3649533746
00:06:51;97839.8182977167
00:06:51;97844.2641031498
00:06:51;97848.7028346431
00:06:52;97853.1351603208
00:06:52;97857.5600550916
00:06:52;97861.9774815936
00:06:52;97866.3874816297
00:06:52;97870.7900320436
00:06:52;97875.1851647991
00:06:52;97879.5728656738
00:06:53;97883.9531491731
00:06:53;97888.3260167603
00:06:53;97892.6914723724
00:06:53;97897.0495369117
00:06:53;97901.4005988897
00:06:53;97905.7452109349
00:06:53;97910.0825531933
00:06:54;97914.4126117907
00:06:54;97918.7353845899
00:06:54;97923.0508592954
00:06:54;97927.3590604599
00:06:54;97931.6599779021
00:06:54;97935.9536242026
00:06:54;97940.2400010215
00:06:55;97944.5194048671
00:06:55;97948.7922675067
00:06:55;97953.0579405541
00:06:55;97957.3164109963
00:06:55;97961.5677202013
00:06:55;97965.8118281218
00:06:55;97970.0487729633
00:06:56;97974.2785369657
00:06:56;97978.5012949782
00:06:56;97982.7173761086
00:06:56;97986.9263210883
00:06:56;97991.1281311171
00:06:56;97995.3228440298
00:06:56;97999.5104226689
00:06:57;98003.6912522714
00:06:57;98007.8659095847
00:06:57;98012.03358653
00:06:57;98016.1882334742
00:06:57;98020.3358891379
00:06:57;98024.4825616111
00:06:57;98028.6222513653
00:06:57;98032.7549461962
00:06:58;98036.8806592948
00:06:58;98040.9993921195
00:06:58;98045.1111493388
00:06:58;98049.2162802671
00:06:58;98053.3153068381
00:06:58;98057.4074678671
00:06:58;98061.4927419543
00:06:59;98065.5711683332
00:06:59;98069.6366793466
00:06:59;98073.7001634017
00:06:59;98077.7579941109
00:06:59;98081.8089502516
00:06:59;98085.8530385786
00:06:59;98089.8902716524
00:07:00;98093.9209926531
00:07:00;98097.945745391
00:07:00;98101.963751096
00:07:00;98105.9749735257
00:07:00;98109.9794709297
00:07:00;98113.9771881305
00:07:00;98117.9681734303
00:07:01;98121.9524069286
00:07:01;98125.929903022
00:07:01;98129.9006649617
00:07:01;98133.8646945233
00:07:01;98137.8220560882
00:07:01;98141.7728363064
00:07:01;98145.7171221909
00:07:02;98149.6551286213
00:07:02;98153.586516454
00:07:02;98157.5112533018
00:07:02;98161.4293642516
00:07:02;98165.3408354971
00:07:02;98169.2458376432
00:07:02;98173.1446029485
00:07:03;98177.0367869086
00:07:03;98180.9223874294
00:07:03;98184.8014285417
00:07:03;98188.673889905
00:07:03;98192.5401147308
00:07:03;98196.4005729491
00:07:03;98200.2545608438
00:07:04;98204.1020544727
00:07:04;98207.9431069633
00:07:04;98211.7776680636
00:07:04;98215.6057832172
00:07:04;98219.4274339464
00:07:04;98223.242634883
00:07:04;98227.0513891877
00:07:04;98230.8536998851
00:07:05;98234.6495765951
00:07:05;98238.4392627928
00:07:05;98242.2231974535
00:07:05;98246.0007681266
00:07:05;98249.7719580327
00:07:05;98253.5368172684
00:07:05;98257.2952958001
00:07:06;98261.0474395392
00:07:06;98264.7932285517
00:07:06;98268.5326785233
00:07:06;98272.2657899758
00:07:06;98275.9925818219
00:07:06;98279.7134700861
00:07:06;98283.4289920193
00:07:07;98287.1383362159
00:07:07;98290.8414783083
00:07:07;98294.5384346796
00:07:07;98298.2291780929
00:07:07;98301.9137426293
00:07:07;98305.5921137375
00:07:07;98309.2643058411
00:07:08;98312.9303208464
00:07:08;98316.590163503
00:07:08;98320.2438378418
00:07:08;98323.8913274175
00:07:08;98327.5326401985
00:07:08;98331.1677861883
00:07:08;98334.7967769358
00:07:09;98338.4198119059
00:07:09;98342.0372034872
00:07:09;98345.6484925818
00:07:09;98349.2536706446
00:07:09;98352.8527825865
00:07:09;98356.4457863687
00:07:09;98360.0327206523
00:07:10;98363.6135710366
00:07:10;98367.1883459187
00:07:10;98370.7572335084
00:07:10;98374.3204288865
00:07:10;98377.8776746896
00:07:10;98381.4289055795
00:07:10;98384.9741413926
00:07:11;98388.5133820166
00:07:11;98392.0466323794
00:07:11;98395.5740211458
00:07:11;98399.095738865
00:07:11;98402.6115344145
00:07:11;98406.1214009152
00:07:11;98409.6253399939
00:07:11;98413.1233527472
00:07:12;98416.6155389505
00:07:12;98420.1020270077
00:07:12;98423.582631013
00:07:12;98427.0573507341
00:07:12;98430.5262020854
00:07:12;98433.9894203187
00:07:12;98437.4474708796
00:07:13;98440.8997360718
00:07:13;98444.3462032299
00:07:13;98447.786912536
00:07:13;98451.2218187312
00:07:13;98454.6509667301
00:07:13;98458.0743371589
00:07:13;98461.4919455383
00:07:14;98464.9037952776
00:07:14;98468.3098753181
00:07:14;98471.7101805896
00:07:14;98475.1047421829
00:07:14;98478.4935562981
00:07:14;98481.8766556648
00:07:14;98485.2540804513
00:07:15;98488.6259427671
00:07:15;98491.9925119297
00:07:15;98495.3534055121
00:07:15;98498.7086093047
00:07:15;98502.0581699689
00:07:15;98505.4020462984
00:07:15;98508.7402789636
00:07:16;98512.0728805824
00:07:16;98515.3998589067
00:07:16;98518.7212277314
00:07:16;98522.0371919145
00:07:16;98525.3479850846
00:07:16;98528.6532225437
00:07:16;98531.9528917088
00:07:17;98535.2470221558
00:07:17;98538.5355897711
00:07:17;98541.8186215172
00:07:17;98545.096109521
00:07:17;98548.3680639993
00:07:17;98551.6344890788
00:07:17;98554.8953883133
00:07:18;98558.1509472963
00:07:18;98561.4014234422
00:07:18;98564.6464362813
00:07:18;98567.8859707373
00:07:18;98571.1200569702
00:07:18;98574.3486745767
00:07:18;98577.5718491729
00:07:18;98580.7895733838
00:07:19;98584.0018571357
00:07:19;98587.2087045157
00:07:19;98590.4101191123
00:07:19;98593.6061762715
00:07:19;98596.7970020486
00:07:19;98599.9824280072
00:07:19;98603.162457113
00:07:20;98606.3371077281
00:07:20;98609.5064925601
00:07:20;98612.6708471973
00:07:20;98615.829890514
00:07:20;98618.9836097513
00:07:20;98622.1320129427
00:07:20;98625.2750946527
00:07:21;98628.412869164
00:07:21;98631.5453349237
00:07:21;98634.6725000712
00:07:21;98637.7944591728
00:07:21;98640.9113598374
00:07:21;98644.0230340316
00:07:21;98647.1294531099
00:07:22;98650.230630789
00:07:22;98653.3265662034
00:07:22;98656.4172672906
00:07:22;98659.5028888765
00:07:22;98662.5836569567
00:07:22;98665.6592524367
00:07:22;98668.7296684148
00:07:23;98671.7949331453
00:07:23;98674.8550238854
00:07:23;98677.9099687572
00:07:23;98680.9597433133
00:07:23;98684.0043514413
00:07:23;98687.0437970235
00:07:23;98690.078082734
00:07:24;98693.1072632596
00:07:24;98696.1313988431
00:07:24;98699.1504096859
00:07:24;98702.1643993508
00:07:24;98705.173543688
00:07:24;98708.1776036259
00:07:24;98711.1765796134
00:07:25;98714.1704995079
00:07:25;98717.1593397047
00:07:25;98720.1431265553
00:07:25;98723.121847062
00:07:25;98726.0871339926
00:07:25;98729.0536561848
00:07:25;98732.0181298278
00:07:25;98734.9704662338
00:07:26;98737.9250417107
00:07:26;98740.8746925945
00:07:26;98743.8193840383
00:07:26;98746.7591497103
00:07:26;98749.6939782853
00:07:26;98752.6238816049
00:07:26;98755.5488632595
00:07:27;98758.4689273834
00:07:27;98761.3840799258
00:07:27;98764.2943251912
00:07:27;98767.199668139
00:07:27;98770.1001140513
00:07:27;98772.9956677582
00:07:27;98775.8863341882
00:07:28;98778.7721182224
00:07:28;98781.6470213563
00:07:28;98784.517051733
00:07:28;98787.3882190164
00:07:28;98790.2547125663
00:07:28;98793.1168304186
00:07:28;98795.9741526316
00:07:29;98798.82666265
00:07:29;98801.6744127414
00:07:29;98804.5173548518
00:07:29;98807.3555325331
00:07:29;98810.1889298246
00:07:29;98813.0175596684
00:07:29;98815.8414256361
00:07:30;98818.6605304929
00:07:30;98821.4748817674
00:07:30;98824.2844804485
00:07:30;98827.0893477002
00:07:30;98829.889494037
00:07:30;98832.6849186781
00:07:30;98835.4756258599
00:07:31;98838.261614489
00:07:31;98841.0428920748
00:07:31;98843.8195620694
00:07:31;98846.5917776036
00:07:31;98849.3593495513
00:07:31;98852.1222716781
00:07:31;98854.8805454684
00:07:32;98857.6341726682
00:07:32;98860.3831631906
00:07:32;98863.1275181236
00:07:32;98865.867245501
00:07:32;98868.6023512948
00:07:32;98871.3328187121
00:07:32;98874.0587044207
00:07:32;98876.7801308753
00:07:33;98879.4969641677
00:07:33;98882.2092026415
00:07:33;98884.9168710177
00:07:33;98887.6199524248
00:07:33;98890.3184682707
00:07:33;98893.0124138497
00:07:33;98895.7019110811
00:07:34;98898.3871418977
00:07:34;98901.0678565537
00:07:34;98903.7440462691
00:07:34;98906.4157463433
00:07:34;98909.0829276444
00:07:34;98911.7456201458
00:07:34;98914.4038148872
00:07:35;98917.0575218315
00:07:35;98919.7067458575
00:07:35;98922.351490051
00:07:35;98924.9917567323
00:07:35;98927.6275740317
00:07:35;98930.258946287
00:07:35;98932.8858702602
00:07:36;98935.5084996085
00:07:36;98938.1270571263
00:07:36;98940.7412539142
00:07:36;98943.3510785348
00:07:36;98945.9565417297
00:07:36;98948.5576332088
00:07:36;98951.1543723766
00:07:37;98953.7467544728
00:07:37;98956.3347897709
00:07:37;98958.9184859892
00:07:37;98961.4978169296
00:07:37;98964.0727860988
00:07:37;98966.6434090929
00:07:37;98969.2096972659
00:07:38;98971.7716611363
00:07:38;98974.329296679
00:07:38;98976.8826047878
00:07:38;98979.4315902193
00:07:38;98981.9762649713
00:07:38;98984.5166312582
00:07:38;98987.0526947187
00:07:39;98989.5844978754
00:07:39;98992.1121179735
00:07:39;98994.6354627676
00:07:39;98997.1545347081
00:07:39;98999.6693498233
00:07:39;99002.1798995342
00:07:39;99004.6861989298
00:07:39;99007.1883662923
00:07:40;99009.6866292622
00:07:40;99012.1807270866
00:07:40;99014.6706391874
00:07:40;99017.1563812934
00:07:40;99019.6379415859
00:07:40;99022.1153390307
00:07:40;99024.588569221
00:07:41;99027.0576422302
00:07:41;99029.5225615219
00:07:41;99031.9833384382
00:07:41;99034.4399834856
00:07:41;99036.8925020539
00:07:41;99039.3408906689
00:07:41;99041.7851577468
00:07:42;99044.2253081669
00:07:42;99046.6553504204
00:07:42;99049.0860828555
00:07:42;99051.5139119007
00:07:42;99053.9376443845
00:07:42;99056.3572850401
00:07:42;99058.7728395705
00:07:43;99061.1843125614
00:07:43;99063.5918296229
00:07:43;99065.9955604424
00:07:43;99068.3952709755
00:07:43;99070.7909470168
00:07:43;99073.1826111899
00:07:43;99075.5702550383
00:07:44;99077.9538961888
00:07:44;99080.3335299505
00:07:44;99082.7091467995
00:07:44;99085.0807541074
00:07:44;99087.4483693723
00:07:44;99089.8119962163
00:07:44;99092.1716368876
00:07:45;99094.5272997082
00:07:45;99096.8789876123
00:07:45;99099.2267064061
00:07:45;99101.5704609927
00:07:45;99103.9102567951
00:07:45;99106.246098027
00:07:45;99108.577989676
00:07:46;99110.9059374271
00:07:46;99113.2299454128
00:07:46;99115.5500160621
00:07:46;99117.8661742579
00:07:46;99120.1784302681
00:07:46;99122.486789617
00:07:46;99124.7913158253
00:07:46;99127.0920895361
00:07:47;99129.3889979983
00:07:47;99131.6820356775
00:07:47;99133.9712220649
00:07:47;99136.256546381
00:07:47;99138.5380254438
00:07:47;99140.8156575443
00:07:47;99143.0894506089
00:07:48;99145.3594094011
00:07:48;99147.62553811
00:07:48;99149.8878430992
00:07:48;99152.1463287083
00:07:48;99154.4010004244
00:07:48;99156.6518631057
00:07:48;99158.8989224115
00:07:49;99161.1421933782
00:07:49;99163.3816960574
00:07:49;99165.6174150398
00:07:49;99167.8493642272
00:07:49;99170.0775654578
00:07:49;99172.3020055735
00:07:49;99174.5226693947
00:07:50;99176.7395924965
00:07:50;99178.9527628938
00:07:50;99181.1621858678
00:07:50;99183.367936746
00:07:50;99185.5701260139
00:07:50;99187.7686099539
00:07:50;99189.9633808567
00:07:51;99192.1544686094
00:07:51;99194.3418510651
00:07:51;99196.5255528808
00:07:51;99198.7055684178
00:07:51;99200.8819069883
00:07:51;99203.0545717855
00:07:51;99205.2235793619
00:07:52;99207.3889483914
00:07:52;99209.5506783754
00:07:52;99211.7087786503
00:07:52;99213.8632328147
00:07:52;99216.0140574658
00:07:52;99218.161254908
00:07:52;99220.3048299366
00:07:53;99222.4447933965
00:07:53;99224.5811504545
00:07:53;99226.7139030098
00:07:53;99228.8430575384
00:07:53;99230.96861927
00:07:53;99233.0905928231
00:07:53;99235.2089834664
00:07:53;99237.3237962977
00:07:54;99239.4350444149
00:07:54;99241.5403482673
00:07:54;99243.6396972495
00:07:54;99245.7330978472
00:07:54;99247.8301766824
00:07:54;99249.9238100407
00:07:54;99252.013924823
00:07:55;99254.1005110231
00:07:55;99256.1835767651
00:07:55;99258.2631261641
00:07:55;99260.3391495551
00:07:55;99262.4116653858
00:07:55;99264.4806815019
00:07:55;99266.5462016466
00:07:56;99268.6082316764
00:07:56;99270.6667769083
00:07:56;99272.7170517654
00:07:56;99274.7614570127
00:07:56;99276.8095775457
00:07:56;99278.8542336603
00:07:56;99280.8954305269
00:07:57;99282.9331733586
00:07:57;99284.967467128
00:07:57;99286.9983165212
00:07:57;99289.0257269789
00:07:57;99291.0497038127
00:07:57;99293.0702745911
00:07:57;99295.0874917185
00:07:58;99297.1012993247
00:07:58;99299.111700709
00:07:58;99301.1187091961
00:07:58;99303.1223200678
00:07:58;99305.1225499321
00:07:58;99307.119413792
00:07:58;99309.1129299384
00:07:59;99311.1030810556
00:07:59;99313.0898751876
00:07:59;99315.073316119
00:07:59;99317.0534095425
00:07:59;99319.030160637
00:07:59;99321.0035738484
00:07:59;99322.9736554899
00:08:00;99324.9404094447
00:08:00;99326.9038415262
00:08:00;99328.8639570661
00:08:00;99330.820761134
00:08:00;99332.774283312
00:08:00;99334.7245663652
00:08:00;99336.6715653003
00:08:00;99338.6152831852
00:08:01;99340.555730787
00:08:01;99342.4929065035
00:08:01;99344.426821077
00:08:01;99346.3574763736
00:08:01;99348.2848797395
00:08:01;99350.2090392493
00:08:01;99352.1299387107
00:08:02;99354.0475790063
00:08:02;99355.9619718961
00:08:02;99357.8731277635
00:08:02;99359.7810525903
00:08:02;99361.6857525097
00:08:02;99363.5872310438
00:08:02;99365.4854954517
00:08:03;99367.3805494794
00:08:03;99369.2723989297
00:08:03;99371.1610484284
00:08:03;99373.0465039324
00:08:03;99374.9287699444
00:08:03;99376.8078520476
00:08:03;99378.683755272
00:08:04;99380.556484077
00:08:04;99382.426043894
00:08:04;99384.292440436
00:08:04;99386.1556783819
00:08:04;99388.0157622704
00:08:04;99389.8726979473
00:08:04;99391.7264895509
00:08:05;99393.577139606
00:08:05;99395.4246753693
00:08:05;99397.2691101701
00:08:05;99399.1104316944
00:08:05;99400.9486472021
00:08:05;99402.7837588479
00:08:05;99404.6157723255
00:08:06;99406.4446933896
00:08:06;99408.2705256809
00:08:06;99410.0932764888
00:08:06;99411.9129492176
00:08:06;99413.7295498984
00:08:06;99415.5430837589
00:08:06;99417.3535557097
00:08:07;99419.1609714286
00:08:07;99420.9653358452
00:08:07;99422.7666539109
00:08:07;99424.5649319408
00:08:07;99426.3601744801
00:08:07;99428.1523873808
00:08:07;99429.941575587
00:08:07;99431.727744508
00:08:08;99433.5108995759
00:08:08;99435.2910498567
00:08:08;99437.0681786872
00:08:08;99438.8422872163
00:08:08;99440.6133874319
00:08:08;99442.3814898032
00:08:08;99444.1466003967
00:08:09;99445.9087245695
00:08:09;99447.6678670051
00:08:09;99449.4240343245
00:08:09;99451.1772300383
00:08:09;99452.9274606518
00:08:09;99454.6747307219
00:08:09;99456.4190459206
00:08:10;99458.1604108942
00:08:10;99459.8988309964
00:08:10;99461.6343115009
00:08:10;99463.3668577106
00:08:10;99465.0964744424
00:08:10;99466.8231669167
00:08:10;99468.5469399585
00:08:11;99470.2677991345
00:08:11;99471.9857490392
00:08:11;99473.7007952405
00:08:11;99475.4129465335
00:08:11;99477.1222235534
00:08:11;99478.828629603
00:08:11;99480.5321651318
00:08:12;99482.232829208
00:08:12;99483.9306288537
00:08:12;99485.6255695362
00:08:12;99487.3176563705
00:08:12;99489.006893664
00:08:12;99490.6932879117
00:08:12;99492.3768435222
00:08:13;99494.0575657838
00:08:13;99495.7354599285
00:08:13;99497.4105312643
00:08:13;99499.0827854989
00:08:13;99500.7522269255
00:08:13;99502.4188615577
00:08:13;99504.0826945426
00:08:14;99505.743731135
00:08:14;99507.4019764863
00:08:14;99509.057436469
00:08:14;99510.7101159825
00:08:14;99512.3600199105
00:08:14;99514.0071549054
00:08:14;99515.6515248725
00:08:14;99517.2931364528
00:08:15;99518.9319942689
00:08:15;99520.5681041545
00:08:15;99522.2014713722
00:08:15;99523.8321030502
00:08:15;99525.4599930639
00:08:15;99527.0839426896
00:08:15;99528.7003737346
00:08:16;99530.3200564287
00:08:16;99531.9370208877
